id,gender,masterCategory,subCategory,year,usage,productDisplayName,filename
25170,Women,Accessories,Bags,2015.0,Casual,Lino Perros Women Leatherette Dark Brown Handbag,25170.jpg
3357,Men,Apparel,Topwear,2011.0,Casual,Myntra Men's Ear Plugs Black T-shirt,3357.jpg
6304,Unisex,Footwear,Flip Flops,2011.0,Casual,Puma Unisex Issac Red Black Flip Flop,6304.jpg
4575,Men,Footwear,Shoes,2011.0,Sports,Nike Men's Air Max Court Blue Shoe,4575.jpg
1807,Men,Apparel,Topwear,2010.0,Casual,Quechua Men G1 Techfresh Red T-shirt,1807.jpg
39449,Women,Apparel,Topwear,2012.0,Ethnic,Diva Women Orange Kurta,39449.jpg
31274,Men,Apparel,Topwear,2012.0,Casual,Puma Men Calogne Graphic Navy Blue T-shirt,31274.jpg
10161,Men,Footwear,Shoes,2011.0,Sports,Puma Men Cabana Racer White Sports Shoes,10161.jpg
57084,Women,Apparel,Bottomwear,2012.0,Casual,Elle Women Blue Skirt,57084.jpg
35123,Women,Accessories,Jewellery,2012.0,Casual,Allen Solly Woman Blue Pendant,35123.jpg
24408,Men,Footwear,Shoes,2012.0,Sports,ADIDAS Men Black Vanquish Sports Shoes,24408.jpg
3251,Men,Footwear,Shoes,2010.0,Sports,Puma Men's Suede Archive Red White Shoe,3251.jpg
28898,Women,Apparel,Innerwear,2014.0,Casual,Enamor Women Red Brief,28898.jpg
22268,Women,Footwear,Shoes,2012.0,Casual,Inc. 5 Women Casual Black Wedges,22268.jpg
51884,Women,Accessories,Wallets,2016.0,Casual,Nyk Women Blue Wallet,51884.jpg
30134,Men,Apparel,Topwear,2012.0,Casual,Flying Machine Men Printed Orange T-shirt,30134.jpg
58446,Women,Accessories,Watches,2016.0,Casual,Fossil Women White Dial Chronograph Watch,58446.jpg
26676,Women,Footwear,Flip Flops,2012.0,Casual,Puma Women Stawberry Pink Flip Flops,26676.jpg
17684,Women,Footwear,Shoes,2015.0,Casual,Catwalk Women Ballerina Grey Casual Shoe,17684.jpg
37946,Women,Apparel,Topwear,2012.0,Casual,Mineral Women Mustard Tunic,37946.jpg
10149,Men,Footwear,Shoes,2011.0,Formal,Rockport Men Ed Plaintoe Brown Formal Shoes,10149.jpg
37450,Men,Accessories,Belts,2012.0,Casual,Turtle Men Black Belt,37450.jpg
6298,Women,Footwear,Shoes,2015.0,Casual,Catwalk Summer Blue Flats,6298.jpg
30729,Girls,Apparel,Bottomwear,2012.0,Ethnic,Fabindia Girls Printed Blue Salwar,30729.jpg
39499,Men,Apparel,Topwear,2012.0,Casual,Wildcraft Men Yellow T-shirt,39499.jpg
3329,Men,Apparel,Topwear,2011.0,Sports,KXIP Boys Fangear Tee,3329.jpg
10761,Unisex,Footwear,Flip Flops,2012.0,Casual,Disney Unisex Kids Basic Red Flip Flops,10761.jpg
12701,Women,Footwear,Shoes,2011.0,Sports,Nike Women Lunarfly Blue Sports Shoes,12701.jpg
39462,Women,Apparel,Topwear,2012.0,Ethnic,Diva Women Brown Kurta,39462.jpg
48897,Women,Accessories,Jewellery,2013.0,Casual,Lucera Women Silver Pendant with Chain,48897.jpg
49642,Women,Apparel,Topwear,2012.0,Casual,Mineral Women Cream Tunic,49642.jpg
32515,Men,Footwear,Sandal,2013.0,Casual,Franco Leone Men Brown Sandals,32515.jpg
3400,Women,Accessories,Bags,2015.0,Casual,Murcia Women Brown Hobo Handbag,3400.jpg
31847,Women,Accessories,Watches,2016.0,Casual,Titan Women Raga Mother Of Pearl Dial Watch,31847.jpg
40972,Girls,Apparel,Topwear,2012.0,Casual,Palm Tree Girls Knits White Tops,40972.jpg
6704,Women,Accessories,Socks,2011.0,Sports,Nike Women's Nsw Wmns Ctn White Pink Socks,6704.jpg
44148,Men,Personal Care,Fragrance,2017.0,Casual,Nike Fragrances Men Casual Deo,44148.jpg
9717,Men,Footwear,Sandal,2015.0,Casual,Hush Puppies Men Decent Black Sandals,9717.jpg
29267,Men,Footwear,Shoes,2012.0,Sports,ADIDAS Men Predito Blue Sports Shoes,29267.jpg
52434,Women,Apparel,Loungewear and Nightwear,2017.0,Casual,Red Rose Women Purple Nightdress,52434.jpg
43768,Women,Accessories,Jewellery,2012.0,Casual,Royal Diadem Black Earrings,43768.jpg
4817,Men,Apparel,Topwear,2011.0,Sports,ADIDAS Men's AP ST Black T-shirt,4817.jpg
58914,Men,Accessories,Ties,2012.0,Casual,Hakashi Men Lavender Silk Tie,58914.jpg
35439,Boys,Apparel,Topwear,2012.0,Casual,Doodle Boys Check Black Shirt,35439.jpg
46688,Men,Personal Care,Fragrance,2017.0,Casual,Rasasi Men Royale Perfume,46688.jpg
6900,Men,Footwear,Shoes,2011.0,Casual,Puma Men's Lifestyle Canvas Blue Shoe,6900.jpg
40648,Women,Apparel,Topwear,2012.0,Ethnic,Span Women Purple & Blue Kurta,40648.jpg
3478,Men,Apparel,Topwear,2010.0,Sports,ADIDAS Men's White Universal Red Stripe T-shirt,3478.jpg
54973,Women,Apparel,Dress,2012.0,Casual,Femella Women Off White Dress,54973.jpg
37945,Women,Apparel,Topwear,2012.0,Casual,Mineral Women Soild White Tunic,37945.jpg
48741,Men,Accessories,Jewellery,2012.0,Casual,Revv Men Steel Bangle,48741.jpg
53981,Women,Accessories,Bags,2012.0,Casual,Kiara Women Burnt Yellow Sling Bag,53981.jpg
5261,Unisex,Accessories,Bags,2017.0,Casual,Wildcraft Unisex Orange & Grey Printed Laptop Backpack,5261.jpg
15658,Unisex,Free Items,Free Gifts,2016.0,Casual,Belkin Unisex Simple Messenger Blue Handbags,15658.jpg
35982,Women,Apparel,Topwear,2012.0,Casual,Flying Machine Women Grey T-shirt,35982.jpg
2208,Men,Footwear,Flip Flops,2011.0,Casual,Puma Mens Drifter Black Flip Flop,2208.jpg
2939,Women,Apparel,Topwear,2010.0,Casual,DUSG Women's Play Lady Organic Blue T-shirt,2939.jpg
23241,Women,Apparel,Topwear,2011.0,Ethnic,Aneri Women Juhi Blue Kurti,23241.jpg
4383,Men,Apparel,Topwear,2011.0,Casual,Batman Men's Comics Foil Dark Blue T-shirt,4383.jpg
52401,Women,Apparel,Loungewear and Nightwear,2015.0,Casual,Red Rose Women Blue Nightdress,52401.jpg
34097,Boys,Apparel,Topwear,2012.0,Casual,Doodle Boys Printed Green T-shirt,34097.jpg
43059,Men,Apparel,Topwear,2012.0,Casual,Nike Men Blue FFF Football T-shirt,43059.jpg
26716,Men,Apparel,Topwear,2012.0,Casual,Puma Men Large Logo Red T-shirt,26716.jpg
50622,Men,Apparel,Innerwear,2016.0,Casual,Chromozome Men White Brief,50622.jpg
6294,Men,Apparel,Topwear,2011.0,Casual,UCB Men's Super Star Print Green T-shirt,6294.jpg
41467,Women,Footwear,Shoes,2013.0,Casual,Carlton London Women Brown Solid Suede Ballerinas,41467.jpg
47266,Men,Apparel,Innerwear,2016.0,Casual,FCUK Underwear Men White Striped Brief,47266.jpg
47232,Men,Footwear,Sandal,2012.0,Casual,Franco Leone Men Brown Sandals,47232.jpg
20333,Men,Apparel,Topwear,2011.0,Casual,Mr.Men Men Printed Black Tshirt,20333.jpg
10456,Men,Apparel,Topwear,2011.0,Casual,Flying Machine Men Grey Polo Tshirts,10456.jpg
41387,Women,Apparel,Topwear,2012.0,Casual,Wrangler Women Donna Yellow Top,41387.jpg
47556,Women,Footwear,Shoes,2012.0,Casual,Portia Women Bronze & Golden Flats,47556.jpg
4858,Men,Apparel,Topwear,2011.0,Sports,Nike Men Utd White Jersey,4858.jpg
46216,Women,Apparel,Dress,2012.0,Casual,AND Women Pink Dress,46216.jpg
1920,Men,Footwear,Shoes,2011.0,Casual,Puma Men Graffiti FX Shoes,1920.jpg
17288,Men,Apparel,Topwear,2011.0,Casual,U.S. Polo Assn. Men Solid Red  Polo Tshirt,17288.jpg
34788,Men,Footwear,Shoes,2012.0,Casual,Fila Men Higgins Black Shoes,34788.jpg
22080,Women,Apparel,Topwear,2011.0,Ethnic,Vishudh Women Printed Black Kurta,22080.jpg
31936,Women,Apparel,Topwear,2012.0,Ethnic,Mumbai Slang Women Printed Blue Tunic,31936.jpg
43194,Women,Accessories,Watches,2016.0,Casual,Fastrack Women White Dial Watch NA2049SM09,43194.jpg
14107,Women,Apparel,Topwear,2011.0,Casual,Flying Machine Women Solid Purple Tops,14107.jpg
47569,Women,Footwear,Shoes,2012.0,Casual,Portia Women Black Flats,47569.jpg
41971,Girls,Apparel,Topwear,2012.0,Casual,Gini and Jony Girls Summer Up Blue Top,41971.jpg
4776,Women,Apparel,Topwear,2011.0,Sports,ADIDAS Women's  Geo White Yellow T-shirt,4776.jpg
43755,Women,Accessories,Jewellery,2012.0,Casual,Royal Diadem Set of 2 Golden Bangles,43755.jpg
58659,Women,Apparel,Topwear,2012.0,Ethnic,ALayna Women Pink Kurta,58659.jpg
37971,Women,Footwear,Shoes,2012.0,Casual,Clarks Women Un Spire Red Sandals,37971.jpg
6857,Women,Apparel,Bottomwear,2011.0,Casual,Forever New Women's Animal Stroke Print Black Skirt,6857.jpg
35211,Unisex,Accessories,Bags,2013.0,Casual,Wildcraft Unisex Blue & Grey Backpack,35211.jpg
56591,Women,Personal Care,Eyes,2017.0,,Streetwear Hi Lite Eye Shadow,56591.jpg
14913,Men,Apparel,Topwear,2011.0,Casual,Mr. Men Men Mr. Nonsense Purple Tshirts,14913.jpg
21038,Women,Footwear,Shoes,2012.0,Casual,Clarks Women Balti Zing Black Heels,21038.jpg
5766,Women,Apparel,Bottomwear,2011.0,Casual,Jealous 21 Women Black Jegging,5766.jpg
18817,Men,Accessories,Wallets,2011.0,Formal,Peter England Men Statements Black Wallet,18817.jpg
11280,Men,Apparel,Bottomwear,2011.0,Casual,Wrangler Men Black Texas Jeans,11280.jpg
26934,Women,Apparel,Dress,2012.0,Casual,Jealous 21 Women Black Dress,26934.jpg
7741,Men,Footwear,Shoes,2011.0,Sports,Fila Men's Dna Lite Black Blue Shoe,7741.jpg
17370,Men,Accessories,Accessories,2011.0,Formal,Arrow Men Formal Purple Tie+Cufflink+Pocket square - Combo Pack,17370.jpg
21919,Women,Apparel,Topwear,2011.0,Ethnic,BIBA Women Printed Red Kurta,21919.jpg
37895,Women,Apparel,Bottomwear,2012.0,Casual,Happy Socks Women Striped Tights,37895.jpg
5625,Men,Footwear,Flip Flops,2011.0,Casual,ADIDAS Men's Adi Jumble Grey Flip Flop,5625.jpg
20389,Women,Accessories,Bags,2015.0,Casual,Baggit Women Praise Taj Brown Handbag,20389.jpg
5205,Men,Apparel,Topwear,2011.0,Casual,Beatles Men's The Beatles Dark Grey T-shirt,5205.jpg
40290,Unisex,Footwear,Flip Flops,2012.0,Casual,Warner Bros Kids Unisex Turquoise Blue Flip Flops,40290.jpg
39883,Unisex,Accessories,Bags,2012.0,Casual,ADIDAS Unisex Blue Duffle Bag,39883.jpg
28120,Men,Apparel,Innerwear,2016.0,Casual,Jockey MC Men Pack Of Two Blue Briefs 8003,28120.jpg
35877,Boys,Apparel,Topwear,2012.0,Casual,Marvel Boys Comics Yellow T-shirt,35877.jpg
33884,Men,Accessories,Watches,2016.0,Casual,Citizen Men Black Dial Eco-Drive Watch,33884.jpg
28653,Men,Footwear,Shoes,2012.0,Sports,Nike Men Air Max Quarter Black Sports Shoes,28653.jpg
32221,Women,Apparel,Topwear,2012.0,Ethnic,Fabindia Women Purple & Blue Striped Kurta,32221.jpg
4169,Unisex,Footwear,Shoes,2011.0,Sports,Reebok Unisex Trail Mudslinger Black Shoe,4169.jpg
11866,Men,Footwear,Flip Flops,2011.0,Casual,Playboy Men Casual Red Slippers,11866.jpg
19783,Men,Apparel,Topwear,2016.0,Casual,U.S. Polo Assn. Men Solid Orange Tshirt,19783.jpg
27320,Women,Personal Care,Fragrance,2017.0,Casual,ADIDAS Women Free Emotion Perfume,27320.jpg
57077,Women,Apparel,Bottomwear,2012.0,Casual,Elle Women Light Blue Jeans,57077.jpg
52782,Women,Accessories,Wallets,2012.0,Casual,Fiorelli Women Red Wallet,52782.jpg
17410,Men,Footwear,Shoes,2011.0,Sports,Lotto Men Atlantica White Sports Shoe,17410.jpg
28946,Women,Apparel,Topwear,2012.0,Ethnic,BIBA OUTLET Women White Tunic,28946.jpg
43856,Women,Accessories,Jewellery,2012.0,Ethnic,Royal Diadem Green & White Earrings,43856.jpg
1847,Men,Apparel,Topwear,2011.0,Casual,Inkfruit Mens Messy T-shirt,1847.jpg
37089,Women,Accessories,Bags,2012.0,Casual,Lino Perros Women Brown Handbag,37089.jpg
28782,Women,Apparel,Innerwear,2015.0,Casual,Enamor Women Pack of 2 Briefs,28782.jpg
29022,Men,Apparel,Topwear,2012.0,Casual,ADIDAS Men Aess Crew White T-shirt,29022.jpg
30705,Women,Accessories,Bags,2012.0,Casual,Fabindia Women Orange Silk Purse,30705.jpg
15022,Men,Apparel,Bottomwear,2011.0,Sports,ADIDAS Men Solid Grey Track Pants,15022.jpg
44534,Men,Footwear,Sandal,2012.0,Casual,Coolers Men White Sandals,44534.jpg
14430,Women,Footwear,Shoes,2012.0,Casual,Enroute Women Casual Black Casual Shoes,14430.jpg
55541,Women,Personal Care,Makeup,2017.0,Casual,Revlon Colorstay Black Eyeliner,55541.jpg
12489,Men,Footwear,Sandal,2013.0,Casual,Clarks Men Leather Brown Sandals,12489.jpg
31132,Men,Apparel,Topwear,2012.0,Formal,John Miller Men Check Blue Shirt,31132.jpg
2347,Men,Apparel,Topwear,2010.0,Casual,Reebok Men White Contrasts T-shirt,2347.jpg
58888,Men,Accessories,Ties,2012.0,Casual,Hakashi Men White Tie,58888.jpg
23448,Women,Apparel,Topwear,2011.0,Casual,Satya Paul Women Multi Coloured Printed Tunic,23448.jpg
9870,Men,Apparel,Topwear,2011.0,Casual,Status Quo Men Stripes Pink Tshirts,9870.jpg
49615,Women,Footwear,Shoes,2015.0,Casual,Catwalk Women Brown Heels,49615.jpg
10884,Men,Apparel,Topwear,2011.0,Casual,Wrangler Men Grey Glow In Dark T-shirt,10884.jpg
19314,Unisex,Accessories,Bags,2011.0,Casual,Nike Unisex Graphic North Classic Red Backpack,19314.jpg
54890,Women,Apparel,Topwear,2012.0,Casual,Do u speak green Women Green Top,54890.jpg
48489,Women,Apparel,Topwear,2012.0,Casual,French Connection Women Peach Top,48489.jpg
43177,Men,Accessories,Watches,2016.0,Casual,Fastrack Men Black Dial Watch,43177.jpg
18959,Women,Apparel,Topwear,2011.0,Casual,United Colors of Benetton Women Solid Blue Sweater,18959.jpg
51699,Unisex,Accessories,Eyewear,2016.0,Casual,Van Heusen Unisex Blue Aviator Sunglasses VH217-C2,51699.jpg
58110,Women,Accessories,Jewellery,2012.0,Casual,Rreverie Silver Earrings,58110.jpg
40934,Boys,Apparel,Topwear,2012.0,Casual,Gini and JonyBoys Around the World White Shirts,40934.jpg
7647,Men,Apparel,Topwear,2011.0,Sports,Puma Men's Ducati One Ups Black T-shirt,7647.jpg
1852,Men,Apparel,Topwear,2011.0,Casual,Inkfruit Men Ride It Or Die T-shirt,1852.jpg
42408,Men,Apparel,Innerwear,2016.0,Casual,Basics Men Black Trunk Brief,42408.jpg
18370,Men,Apparel,Innerwear,2016.0,Casual,Undercolors of Benetton Men Pack Of 3 Innerwear T-Shirts,18370.jpg
55425,Women,Personal Care,Lips,2017.0,Casual,Revlon Moisture Stay Nutty Lipstick 32,55425.jpg
30785,Men,Apparel,Topwear,2012.0,Ethnic,Fabindia Men Printed Blue Kurta,30785.jpg
5559,Men,Apparel,Topwear,2011.0,Casual,Reebok Men Reversible Blue & Yellow Jacket,5559.jpg
23921,Women,Footwear,Shoes,2011.0,Casual,Fila Women Cortez Grey Casual Shoes,23921.jpg
15463,Men,Apparel,Bottomwear,2011.0,Sports,Puma Men Graphic Logo Blue Tracksuits,15463.jpg
7194,Women,Apparel,Topwear,2011.0,Casual,Jealous 21 Women's BFF Printed White Top,7194.jpg
47327,Women,Accessories,Bags,2015.0,Casual,Baggit Women Brown Bag,47327.jpg
14282,Women,Footwear,Shoes,2011.0,Sports,Timberland Women Tma All Mtn Low Sports Shoe,14282.jpg
55862,Women,Personal Care,Nails,2017.0,Casual,Colorbar Rose Quartz Nail Lacquer 92,55862.jpg
2702,Girls,Apparel,Topwear,2011.0,Casual,Disney Kids Girl's Blue Check Kidswear Shirt,2702.jpg
48562,Men,Accessories,Jewellery,2013.0,Casual,Revv Men Steel Bracelet,48562.jpg
2825,Men,Footwear,Shoes,2012.0,Formal,Lee Cooper Men Leather Semi Formal Black Shoe,2825.jpg
16819,Men,Apparel,Bottomwear,2011.0,Casual,Locomotive Men Washed Blue Jeans,16819.jpg
55196,Women,Personal Care,Nails,2017.0,Casual,Lakme Absolute Fast & Fabulous Gold Shimmer Nail Polish 01,55196.jpg
21696,Women,Accessories,Watches,2016.0,Casual,Fossil Women Green Dial Watch ES2951,21696.jpg
37569,Girls,Apparel,Topwear,2012.0,Casual,Madagascar3 Infant Girls Light Green T-Shirt,37569.jpg
54514,Men,Footwear,Shoes,2012.0,Casual,F Sports Men White Rodeo Shoes,54514.jpg
42022,Men,Footwear,Flip Flops,2012.0,Casual,ADIDAS Men AdiCliff Black Flip Flops,42022.jpg
35712,Men,Footwear,Shoes,2012.0,Sports,Nike Men Dual Fusion TR III Grey Sports Shoes,35712.jpg
11879,Men,Footwear,Shoes,2013.0,Formal,Franco Leone Men Formal Black Formal Shoes,11879.jpg
26806,Men,Apparel,Bottomwear,2013.0,Formal,Arrow Men Charcoal Flat Front Trousers,26806.jpg
21914,Women,Apparel,Apparel Set,2011.0,Ethnic,Biba Women Off-White & Brown Printed Churidar Kurta with Dupatta,21914.jpg
49612,Women,Footwear,Shoes,2015.0,Casual,Catwalk Women Yellow  Flats,49612.jpg
43592,Girls,Apparel,Topwear,2012.0,Casual,Gini and Jony Girls Polo Striped Pink T-shirt,43592.jpg
6667,Women,Footwear,Shoes,2011.0,Sports,Nike Women's Ballista II Black Silver Shoe,6667.jpg
39753,Boys,Apparel,Bottomwear,2012.0,Casual,Gini Jony Boys Khaki Trousers,39753.jpg
56020,Women,Personal Care,Lips,2017.0,Casual,Colorbar Soft Touch Felin Lipstick 036,56020.jpg
18167,Girls,Apparel,Dress,2011.0,Casual,Doodle Kids Girls Party Frock Purple Dress,18167.jpg
8532,Women,Footwear,Shoes,2011.0,Sports,Nike Women Nike Womens Ballista II Silver Sports Shoes,8532.jpg
6571,Men,Apparel,Topwear,2011.0,Casual,Inkfruit Men's Barcode Lemon Yellow T-shirt,6571.jpg
3205,Men,Apparel,Topwear,2011.0,Casual,Tantra Men's Instant Grey T-shirt,3205.jpg
29243,Men,Footwear,Shoes,2012.0,Sports,ADIDAS Men 22Yds Trainer2 White Sports Shoes,29243.jpg
15501,Women,Footwear,Shoes,2011.0,Casual,Carlton London Women Casual Black Casual Shoes,15501.jpg
15615,Men,Apparel,Topwear,2011.0,Sports,Nike Men Running Red Jerseys,15615.jpg
29131,Women,Accessories,Eyewear,2016.0,Casual,Vogue Women Black Sunglasses,29131.jpg
46676,Women,Personal Care,Fragrance,2017.0,Casual,Rasasi Women Pack of 3 Perfumes,46676.jpg
20324,Women,Apparel,Topwear,2011.0,Ethnic,Mother Earth Women Printed White Kurta,20324.jpg
38191,Unisex,Accessories,Eyewear,2016.0,Casual,Polaroid Unisex Sunglasses,38191.jpg
25064,Men,Accessories,Accessories,2015.0,Formal,Lino Perros Men Formal Brown Accessory Gift Set,25064.jpg
39037,Men,Accessories,Cufflinks,2012.0,Formal,Belmonte Men Steel Bright Assorted Cufflinks,39037.jpg
34006,Girls,Apparel,Topwear,2012.0,Casual,Gini and Jony Girls Purple Top,34006.jpg
5411,Women,Footwear,Shoes,2011.0,Sports,Tribord To 100 Basic Lady Ss11,5411.jpg
36657,Women,Accessories,Bags,2012.0,Casual,Paridhan Women Multi Coloured Purse,36657.jpg
58720,Men,Apparel,Topwear,2012.0,Casual,Puma Men White T-shirt,58720.jpg
57759,Women,Personal Care,Skin Care,2017.0,,Lotus Herbals Jojobawash Face Wash,57759.jpg
22295,Women,Footwear,Shoes,2012.0,Casual,Inc. 5 Women Casual Black Flats,22295.jpg
40525,Men,Accessories,Watches,2016.0,Casual,Titan Men Black Dial Watch,40525.jpg
53764,Men,Apparel,Topwear,2012.0,Casual,Puma Men Blue Striped T-shirt,53764.jpg
57359,Women,Apparel,Innerwear,2015.0,Casual,Amante Black Printed Full-Coverage Bra BGSW01,57359.jpg
21290,Women,Accessories,Eyewear,2016.0,Casual,Allen Solly Women Oversized Sunglasses AS205-C3,21290.jpg
6882,Women,Apparel,Topwear,2011.0,Casual,Forever New Women Long Peach Jacket,6882.jpg
10050,Men,Apparel,Topwear,2011.0,Casual,Puma Men Usain Bolt Black Tshirts,10050.jpg
50297,Men,Accessories,Ties,2012.0,Casual,Parx Men Black Tie,50297.jpg
25125,Women,Accessories,Bags,2015.0,Casual,Lino Perros Women Sequins Gold Clutch,25125.jpg
27931,Women,Apparel,Topwear,2012.0,Casual,Jealous 21 Women White Shirt,27931.jpg
26654,Men,Footwear,Shoes,2012.0,Sports,Puma Men Black Sports Shoes,26654.jpg
46086,Women,Footwear,Shoes,2012.0,Sports,ADIDAS Women Lavender Hagkok Sports Shoes,46086.jpg
36025,Men,Accessories,Belts,2015.0,Casual,OTLS Men Brown & Black Reversible Leather Belt,36025.jpg
54580,Women,Apparel,Topwear,2012.0,Ethnic,Sushilas Women Printed Red Kurta,54580.jpg
21251,Unisex,Accessories,Bags,2011.0,Casual,Skybags Unisex Red Duffle Bag,21251.jpg
19994,Men,Apparel,Topwear,2011.0,Casual,United Colors of Benetton Men Solid Black TShirt,19994.jpg
28892,Women,Apparel,Innerwear,2012.0,Casual,Enamor Women Black Mid-Rise Bikini Brief,28892.jpg
29399,Men,Apparel,Bottomwear,2012.0,Formal,Genesis Men Grey Trousers,29399.jpg
6988,Men,Apparel,Topwear,2011.0,Casual,s.Oliver Men's Qsm White T-shirt,6988.jpg
10842,Men,Apparel,Topwear,2011.0,Casual,Wrangler Men Celebrate Polo Grey T-Shirt,10842.jpg
40435,Women,Apparel,Topwear,2012.0,Casual,Tonga Women Multi Colored Top,40435.jpg
53802,Men,Apparel,Topwear,2012.0,Casual,Puma Men Black T-shirt,53802.jpg
37773,Men,Apparel,Topwear,2012.0,Casual,John Players Men Red Gingham Shirt,37773.jpg
24868,Men,Accessories,Wallets,2012.0,Casual,Reid & Taylor Men Casual Black Wallet,24868.jpg
33396,Women,Accessories,Wallets,2012.0,Casual,Baggit Women Kites Jimmy Purple Wallet,33396.jpg
54964,Women,Apparel,Topwear,2012.0,Casual,Do U Speak Green Women Cream T-Shirt,54964.jpg
20758,Women,Footwear,Shoes,2011.0,Casual,Carlton London Women Casual Black Sandals,20758.jpg
16899,Men,Apparel,Topwear,2011.0,Casual,Status Quo Men Black Polo Tshirt,16899.jpg
42942,Men,Accessories,Belts,2012.0,Casual,French Connection Men Black Tobacco Belt,42942.jpg
19274,Women,Accessories,Watches,2016.0,Casual,Guess Women Glisten Gold Watch,19274.jpg
51006,Women,Apparel,Innerwear,2017.0,Casual,Enamor Brown Bra,51006.jpg
59967,Women,Apparel,Dress,2012.0,Party,Avirate Women Black Dress,59967.jpg
22491,Men,Footwear,Shoes,2011.0,Sports,ADIDAS Men Response Cushion 20 Sport Shoes,22491.jpg
22468,Men,Apparel,Topwear,2011.0,Casual,Timberland Men White Claremont Plaid Shirt,22468.jpg
47203,Men,Footwear,Shoes,2012.0,Formal,Franco Leone Men Brown Formal Shoes,47203.jpg
16533,Men,Apparel,Topwear,2011.0,Casual,Locomotive Men Check Purple Shirt,16533.jpg
2205,Men,Apparel,Topwear,2010.0,Sports,ADIDAS Men Stripe White T-shirt,2205.jpg
4744,Men,Apparel,Topwear,2011.0,Sports,ADIDAS Men's Blue Polo T-shirt,4744.jpg
56958,Women,Footwear,Shoes,2012.0,Casual,HM Women Blue Flats,56958.jpg
43613,Men,Apparel,Topwear,2012.0,Casual,Angry Birds Men Blue T-shirt,43613.jpg
22751,Women,Apparel,Topwear,2011.0,Ethnic,BIBA Women Printed White Kurta,22751.jpg
44845,Men,Apparel,Topwear,2012.0,Casual,Puma Men Red Ducati Logo T-shirt,44845.jpg
46872,Men,Accessories,Socks,2012.0,Casual,Lino Perros Men Pack of 2 Socks,46872.jpg
2708,Girls,Apparel,Dress,2011.0,Casual,Disney Kids Girl's White Dress Pooh Kidswear,2708.jpg
48508,Women,Apparel,Topwear,2012.0,Casual,French Connection Women Navy Blue & Cream Striped Top,48508.jpg
51713,Unisex,Accessories,Eyewear,2016.0,Casual,Van Heusen Unisex Sunglasses VH213-C1,51713.jpg
53825,Women,Apparel,Apparel Set,2012.0,Ethnic,Ayaany Women Teal & Purple Embroidered Churidar Kurta with Dupatta,53825.jpg
22355,Men,Apparel,Topwear,2011.0,Casual,John Players Men Solid Blue Shirt,22355.jpg
5809,Women,Apparel,Bottomwear,2011.0,Casual,Puma Women Black Capris,5809.jpg
48469,Women,Apparel,Dress,2012.0,Casual,French Connection Black Dress,48469.jpg
52125,Girls,Apparel,Dress,2012.0,Casual,Doodle Girls Pink Printed Dress,52125.jpg
26559,Men,Footwear,Shoes,2012.0,Casual,Lee Cooper Men Black Shoes,26559.jpg
54813,Women,Accessories,Bags,2010.0,Casual,Ivory Tag Brown Fur Handbag,54813.jpg
29165,Women,Apparel,Topwear,2012.0,Casual,United Colors of Benetton Women Printed Black & White Top,29165.jpg
48365,Men,Apparel,Topwear,2012.0,Casual,French Connection Men Navy Blue Shirt,48365.jpg
56461,Women,Personal Care,Nails,2017.0,Casual,Streetwear Pluto's Nail Polish 10,56461.jpg
31985,Men,Footwear,Shoes,2012.0,Casual,Woodland Men Khaki Shoes,31985.jpg
23572,Men,Personal Care,Fragrance,2017.0,Casual,Boss Men Perfume,23572.jpg
32269,Women,Apparel,Topwear,2012.0,Ethnic,Vishudh Women Printed Orange Kurta,32269.jpg
28033,Men,Apparel,Innerwear,2016.0,Casual,Jockey ELANCE Men Black Y Front Briefs 1006,28033.jpg
54639,Men,Accessories,Watches,2016.0,Casual,Fastrack Men Black Dial Watch,54639.jpg
58215,Women,Apparel,Bottomwear,2012.0,Ethnic,Shree Women Multi Coloured Patiala,58215.jpg
28383,Men,Accessories,Eyewear,2016.0,Casual,Idee Men Black Sunglasses,28383.jpg
40468,Men,Footwear,Shoes,2012.0,Casual,Fila Men Rockford Black Shoes,40468.jpg
55418,Women,Personal Care,Lips,2017.0,Casual,Revlon Moisture Stay Violet Lipstick 13,55418.jpg
5187,Men,Apparel,Topwear,2011.0,Casual,Linkin Park Men's Black T-shirt,5187.jpg
31325,Women,Apparel,Topwear,2012.0,Ethnic,Aurelia Women Printed Purple Kurta,31325.jpg
21410,Men,Apparel,Topwear,2011.0,Casual,Locomotive Men Printed Black T-shirt,21410.jpg
50669,Men,Apparel,Loungewear and Nightwear,2018.0,Casual,Chromozome Men Assorted Checked Pyjamas S-5264,50669.jpg
46047,Women,Accessories,Jewellery,2016.0,Casual,Estelle Gold Earrings,46047.jpg
32118,Men,Apparel,Innerwear,2016.0,Casual,Playboy Men Jack Green Brief,32118.jpg
28808,Men,Apparel,Topwear,2012.0,Casual,Denizen Men Striped Black Shirt,28808.jpg
18753,Women,Apparel,Topwear,2011.0,Casual,Arrow Woman Megan Blue Top,18753.jpg
15794,Men,Apparel,Innerwear,2016.0,Casual,Facit Men Grey String Bikini Briefs,15794.jpg
51399,Men,Apparel,Topwear,2012.0,Casual,Myntra Men Blue Check Shirt,51399.jpg
51879,Women,Accessories,Wallets,2016.0,Casual,Nyk Women Pink Wallet,51879.jpg
7996,Men,Apparel,Topwear,2011.0,Sports,Fila Men's Striper Pique Polo Purple Navy T-shirt,7996.jpg
53367,Unisex,Accessories,Bags,2012.0,Casual,Puma Unisex Pink Backpack,53367.jpg
29649,Men,Apparel,Topwear,2012.0,Formal,Indigo Nation Men Striped Blue Shirt,29649.jpg
9926,Unisex,Accessories,Bags,2011.0,Casual,Puma Unisex Originals Mono Flight Green Bags,9926.jpg
34992,Women,Apparel,Saree,2012.0,Ethnic,Fabindia H& Printed Navy Blue Cotton Mull Sari,34992.jpg
18613,Men,Apparel,Topwear,2011.0,Sports,Puma Men Team SS Chive-Olive Tshirts,18613.jpg
35692,Men,Footwear,Shoes,2012.0,Casual,U.S. Polo Assn. Men White Shoes,35692.jpg
59276,Women,Accessories,Watches,2016.0,Casual,Titan Women Black Watch,59276.jpg
43264,Women,Apparel,Topwear,2012.0,Ethnic,Aneri Women White Kurta,43264.jpg
16421,Men,Apparel,Topwear,2011.0,Casual,Levi's Men Stripes Brown Tshirts,16421.jpg
44219,Men,Apparel,Topwear,2012.0,Casual,Nike Men Black Ozil T-shirt,44219.jpg
13195,Men,Footwear,Shoes,2011.0,Casual,Puma Men Track Cat Basic White Casual Shoes,13195.jpg
5701,Men,Footwear,Shoes,2015.0,Casual,Skechers Men's Flaunted Black Shoe,5701.jpg
52835,Women,Accessories,Jewellery,2012.0,Casual,Adrika Red Earrings,52835.jpg
6818,Men,Footwear,Flip Flops,2011.0,Casual,Timberland Men's Grn Thng Red Flip Flop,6818.jpg
37561,Girls,Apparel,Topwear,2012.0,Casual,Madagascar3 Infant Girls Pink Snapsuit Romper,37561.jpg
36666,Unisex,Accessories,Bags,2012.0,Casual,Paridhan Unisex Brown Duffle Bag,36666.jpg
52156,Women,Apparel,Topwear,2012.0,Casual,Femella Women Black Summer Cape Top,52156.jpg
51920,Women,Accessories,Bags,2016.0,Casual,Nyk Women Ink Blue Albedo Handbag,51920.jpg
56202,Women,Accessories,Jewellery,2016.0,Casual,Estelle Women Gold Pendant,56202.jpg
27624,Men,Apparel,Bottomwear,2012.0,Casual,Scullers Men Cream Shorts,27624.jpg
28776,Women,Apparel,Topwear,2012.0,Ethnic,Aurelia Women Printed Orange Kurti,28776.jpg
22758,Women,Apparel,Topwear,2011.0,Ethnic,BIBA Women Printed Blue Kurta,22758.jpg
42054,Women,Accessories,Wallets,2012.0,Casual,Bulchee  Women Red Wallet Clutch,42054.jpg
56184,Women,Personal Care,Makeup,2017.0,Casual,ColorBar Neutral Triple Act Compact 001,56184.jpg
51583,Women,Apparel,Bottomwear,2012.0,Casual,Wrangler Women Navy Blue Jeggings,51583.jpg
8389,Men,Apparel,Topwear,2011.0,Sports,ADIDAS Men  Red Polo Tshirts,8389.jpg
35045,Women,Apparel,Topwear,2012.0,Ethnic,Fabindia Women Silk Green Kurta,35045.jpg
3812,Men,Footwear,Shoes,2014.0,Casual,Converse Men CT COLOR HI Black Black Casual Shoes,3812.jpg
4034,Men,Apparel,Topwear,2011.0,Casual,Myntra Men's Better Days Are Coming Black T-shirt,4034.jpg
23766,Men,Accessories,Eyewear,2016.0,Casual,Oakley Men Black Fast Jacket Sunglasses,23766.jpg
56425,Women,Personal Care,Eyes,2017.0,Casual,Streetwear FX Spice Girl Eye Shadow,56425.jpg
57129,Women,Apparel,Topwear,2012.0,Casual,Elle Women Red Top,57129.jpg
23747,Unisex,Accessories,Eyewear,2016.0,Casual,Ray-Ban Unisex Active Lifestyle Sunglasses,23747.jpg
8694,Women,Accessories,Eyewear,2016.0,Casual,Fastrack Women Gradient Sunglasses P168BK1F,8694.jpg
35051,Women,Apparel,Topwear,2012.0,Ethnic,Fabindia Women Printed Blue Kurtis,35051.jpg
3399,Women,Accessories,Bags,2015.0,Casual,Murcia Women Yellow Handbag,3399.jpg
48400,Men,Apparel,Topwear,2012.0,Casual,French Connection Men White T-shirt,48400.jpg
38987,Boys,Apparel,Topwear,2012.0,Casual,Gini and Jony Boys Wild West T-shirt,38987.jpg
28525,Men,Apparel,Topwear,2012.0,Casual,Nike Men Man U Core Black T-shirt,28525.jpg
4915,Women,Apparel,Topwear,2011.0,Casual,Gini and Jony Girl's Vollie White Kidswear,4915.jpg
12502,Men,Apparel,Topwear,2011.0,Casual,United Colors of Benetton Men Short Red Tshirts,12502.jpg
38010,Men,Accessories,Watches,2016.0,Casual,Q&Q Men White Dial Watch DB06J304Y,38010.jpg
45214,Women,Accessories,Watches,2016.0,Casual,CASIO Enticer Women Black Dial Watch A669,45214.jpg
44255,Women,Accessories,Wallets,2012.0,Casual,Hidekraft Women Black Wallet,44255.jpg
10327,Men,Accessories,Watches,2016.0,Casual,Puma Men Slick Gents 3HD Black Watches,10327.jpg
33272,Girls,Apparel,Bottomwear,2012.0,Casual,Gini & Jony Girls Pink Pedal Pusher,33272.jpg
26105,Men,Apparel,Topwear,2012.0,Formal,John Miller Men Striped Purple Shirt,26105.jpg
10450,Men,Apparel,Topwear,2011.0,Casual,Flying Machine Men Blue Polo Tshirts,10450.jpg
51256,Men,Accessories,Belts,2012.0,Formal,Park Avenue Men Brown Belt,51256.jpg
12438,Unisex,Accessories,Headwear,2011.0,Casual,Timberland Unisex Casual Black Caps,12438.jpg
42348,Women,Apparel,Bottomwear,2012.0,Casual,Flying Machine Women Back Trousers,42348.jpg
33126,Women,Footwear,Shoes,2015.0,Casual,Catwalk Women Gold Stilettos,33126.jpg
41959,Boys,Apparel,Topwear,2012.0,Casual,Gini and Jony Boys Rugby Green T-shirt,41959.jpg
36693,Men,Footwear,Sandal,2012.0,Casual,Spalding Men Brown Sandals,36693.jpg
49783,Women,Apparel,Loungewear and Nightwear,2012.0,Casual,Little Miss Intimates Grey & Black Pyjama Set,49783.jpg
37332,Women,Accessories,Watches,2016.0,Casual,DKNY Women White Dial Watch NY8482,37332.jpg
29493,Women,Accessories,Watches,2016.0,Casual,Giordano Women Chronograph White Dial Watch,29493.jpg
45387,Women,Footwear,Shoes,2012.0,Casual,Rocia Women Black Flats,45387.jpg
2122,Women,Apparel,Topwear,2010.0,Casual,Lee Women Black Top,2122.jpg
23886,Men,Footwear,Shoes,2012.0,Sports,Fila Men Hex II White Sports Shoes,23886.jpg
53759,Men,Apparel,Topwear,2012.0,Casual,Puma Men Grey T-shirt,53759.jpg
39314,Girls,Apparel,Bottomwear,2012.0,Casual,Gini and Jony Girls Red Skirt,39314.jpg
49896,Girls,Accessories,Watches,2016.0,Casual,Q&Q Kids Girls White Dial Analog Watch,49896.jpg
8124,Women,Accessories,Watches,2016.0,Casual,Fastrack Women Core Analog Steel White Watch,8124.jpg
4081,Men,Apparel,Topwear,2011.0,Casual,Inkfruit Men's Type Bee Grey Melange T-shirt,4081.jpg
57658,Women,Personal Care,Nails,2017.0,Casual,Lotus Herbals Pure White Nail Polish 81,57658.jpg
31661,Men,Apparel,Topwear,2012.0,Casual,Indigo Nation Men Printed Blue Shirt,31661.jpg
35007,Women,Accessories,Stoles,2012.0,Ethnic,Fabindia Women Printed Rust Stole,35007.jpg
51486,Men,Apparel,Bottomwear,2012.0,Casual,Denizen Men Brown Trousers,51486.jpg
14721,Women,Apparel,Topwear,2011.0,Casual,Scullers For Her Women Casual Shirt Purple Shirts,14721.jpg
23795,Women,Footwear,Shoes,2012.0,Casual,Clarks Women Black Cocoa Creme Shoes,23795.jpg
29548,Men,Apparel,Topwear,2012.0,Casual,Classic Polo Men Printed Navy Blue T-shirt,29548.jpg
52306,Women,Accessories,Jewellery,2016.0,Casual,ToniQ Women Golden Necklace,52306.jpg
20872,Men,Footwear,Shoes,2011.0,Formal,Franco Leone Men Formal Brown Shoes,20872.jpg
27372,Men,Apparel,Topwear,2011.0,Casual,Tantra Men Blood Test Green T-shirt,27372.jpg
34856,Men,Footwear,Shoes,2012.0,Casual,Vans Men Classic Slip-On Black Shoes,34856.jpg
8526,Women,Footwear,Shoes,2011.0,Sports,Nike Women Nike Womens Downshifter 3 MSL Black Sports Shoes,8526.jpg
10658,Women,Apparel,Topwear,2011.0,Casual,Doodle Girl Little frock White Tops,10658.jpg
43336,Men,Footwear,Shoes,2012.0,Sports,Reebok Men White Turbo Sports Shoes,43336.jpg
31857,Women,Accessories,Watches,2016.0,Casual,Titan Women Mother Of Pearl Dial Watch,31857.jpg
1981,Women,Apparel,Bottomwear,2010.0,Casual,Puma Women's Island Green Shorts,1981.jpg
6870,Women,Apparel,Dress,2011.0,Casual,Forever New Women's Pink Dress,6870.jpg
14026,Men,Apparel,Topwear,2011.0,Sports,Nike Men Solid Grey Tshirts,14026.jpg
29352,Men,Apparel,Topwear,2012.0,Casual,Probase Men Navy Blue Printed T-shirt,29352.jpg
50183,Women,Accessories,Bags,2012.0,Casual,Paridhan Women Brown Handbag,50183.jpg
22664,Unisex,Accessories,Bags,2015.0,Casual,Wildcraft Unisex Red & Black Backpack,22664.jpg
42200,Women,Apparel,Topwear,2012.0,Casual,Sepia Women Yellow Top,42200.jpg
18259,Women,Apparel,Topwear,2011.0,Ethnic,Aneri Women Roshan Peach Kurta,18259.jpg
6907,Women,Apparel,Topwear,2011.0,Casual,Tantra Women's Re-incarnation Cream T-shirt,6907.jpg
28912,Men,Accessories,Bags,2015.0,Casual,CABARELLI Men Black Laptop bag,28912.jpg
19947,Unisex,Accessories,Bags,2011.0,Casual,Nike Unisex Classic Base Black Backpack,19947.jpg
24884,Women,Apparel,Topwear,2012.0,Casual,United Colors of Benetton Women Black Polo T-shirt,24884.jpg
11755,Women,Apparel,Topwear,2011.0,Casual,Lee Women Solid White Shirts,11755.jpg
3150,Men,Footwear,Shoes,2010.0,Sports,Nike Men's Lunarswift Black Shoe,3150.jpg
35339,Women,Accessories,Jewellery,2016.0,Ethnic,Fabindia Women Anusuya Green Pendant,35339.jpg
26801,Men,Apparel,Topwear,2015.0,Formal,Arrow Men Lavender Striped Shirt,26801.jpg
12405,Men,Accessories,Socks,2016.0,Formal,Reid & Taylor Men Stripes  Navy Blue Socks,12405.jpg
34027,Boys,Apparel,Topwear,2012.0,Casual,Gini and Jony Boys Printed White T-shirt,34027.jpg
17507,Men,Apparel,Topwear,2011.0,Casual,Classic Polo Men Stripes Black Polo T-Shirt,17507.jpg
47216,Men,Footwear,Sandal,2012.0,Casual,Franco Leone Men Brown Sandals,47216.jpg
31695,Women,Apparel,Topwear,2012.0,Ethnic,Folklore Women Printed Purple Kurta,31695.jpg
46102,Men,Footwear,Shoes,2012.0,Casual,ADIDAS Men Green Lucent Shoes,46102.jpg
56483,Women,Personal Care,Nails,2017.0,,Streetwear Brassy Brown Nail Polish # 67,56483.jpg
46726,Women,Personal Care,Fragrance,2017.0,Casual,Rasasi Women Hope Perfume,46726.jpg
34268,Women,Apparel,Topwear,2012.0,Ethnic,Fabindia Women Printed Purple Dupatta,34268.jpg
26881,Women,Apparel,Topwear,2012.0,Casual,Jealous 21 Women Pink T-shirt,26881.jpg
39685,Men,Footwear,Shoes,2012.0,Casual,Lotto Men Black Shoes,39685.jpg
12159,Women,Apparel,Bottomwear,2011.0,Ethnic,Aurelia Women Solid Red Leggings,12159.jpg
18534,Girls,Accessories,Watches,2016.0,Casual,Chhota Bheem Chutki Kids-Girls Pink Watch,18534.jpg
15867,Unisex,Footwear,Shoes,2011.0,Casual,Warner Bros Kids Unisex SD Silly Shoe Silver Casual Shoes,15867.jpg
42965,Men,Accessories,Wallets,2012.0,Casual,French Connection Men Black Wallet,42965.jpg
56294,Women,Apparel,Innerwear,2017.0,Casual,Biara Women Rose  Bra,56294.jpg
2134,Men,Apparel,Topwear,2011.0,Casual,Basics Men Purple Slim Fit Checked Shirt,2134.jpg
24297,Men,Accessories,Socks,2016.0,Casual,Quiksilver Men Grey Socks,24297.jpg
51798,Women,Apparel,Loungewear and Nightwear,2016.0,Casual,Bwitch Golden Coloured Nightdress,51798.jpg
35318,Women,Accessories,Jewellery,2016.0,Ethnic,Fabindia Women Anusuya Silver Earrings,35318.jpg
6370,Men,Footwear,Shoes,2011.0,Casual,Numero Uno Men's Red Black Shoe,6370.jpg
13889,Women,Apparel,Topwear,2011.0,Casual,Scullers Women Check Blue Shirts,13889.jpg
58666,Women,Apparel,Topwear,2012.0,Ethnic,ALayna Women Navy Blue Kurta,58666.jpg
4025,Unisex,Footwear,Shoes,2011.0,Casual,ADIDAS Unisex High Can Red Black Shoe,4025.jpg
3350,Men,Apparel,Topwear,2011.0,Casual,Myntra Men's Work Hard/ Smart Navy Blue T-shirt,3350.jpg
51495,Men,Apparel,Bottomwear,2012.0,Casual,Denizen Men Blue Jeans,51495.jpg
49749,Men,Accessories,Ties,2012.0,Casual,Park Avenue Men Brown Tie,49749.jpg
43465,Women,Apparel,Loungewear and Nightwear,2017.0,Casual,SDL by Sweet Dreams Women Pink Pyjama Set,43465.jpg
29506,Women,Accessories,Watches,2016.0,Casual,Giordano Women White Dial Watch,29506.jpg
18902,Unisex,Accessories,Headwear,2011.0,Casual,ADIDAS Originals Unisex Black Cap,18902.jpg
6307,Women,Apparel,Topwear,2011.0,Casual,UCB Women Basic Racerback Green Top,6307.jpg
56615,Women,Personal Care,Makeup,2017.0,Casual,Streetwear Stay On Mineral Rose Swirl Blusher,56615.jpg
30319,Men,Apparel,Topwear,2012.0,Casual,Myntra Men Feared Strom Drive Pink T-shirt,30319.jpg
4005,Men,Footwear,Flip Flops,2011.0,Casual,Spalding Men's Yellow And Green With Graphic Flip Flop,4005.jpg
7169,Men,Apparel,Topwear,2011.0,Casual,Scullers Men Scul Navy Blue Shirt,7169.jpg
41868,Men,Footwear,Sandal,2015.0,Casual,Estd. 1977 Men Turquoise Blue Sandals,41868.jpg
36321,Boys,Apparel,Topwear,2012.0,Casual,Mr.Men Boys A Lot Of Work Blue T-shirt,36321.jpg
26929,Women,Apparel,Topwear,2012.0,Casual,Jealous 21 Women Dark Grey Tunic,26929.jpg
4896,Women,Apparel,Topwear,2011.0,Casual,Levis Kids Girl's Diane Yellow Teens Kidswear,4896.jpg
40609,Women,Apparel,Topwear,2012.0,Ethnic,Span Women Floral Printed Pink Kurta,40609.jpg
58232,Men,Footwear,Flip Flops,2012.0,Casual,Nike Men Aquahype Red Flip Flops,58232.jpg
19074,Women,Apparel,Topwear,2011.0,Ethnic,W Women Thread Work Off White Kurta,19074.jpg
55591,Men,Apparel,Topwear,2012.0,Casual,Peter England Men Black Shirt,55591.jpg
16953,Men,Accessories,Eyewear,2016.0,Casual,Image Men Classic Eyewear Black Sunglasses,16953.jpg
2553,Men,Footwear,Flip Flops,2011.0,Casual,Numero Uno Men's Casual Red Graphic Flip Flop,2553.jpg
16154,Men,Footwear,Shoes,2011.0,Formal,Enroute Men Leather Black Formal Shoes,16154.jpg
20777,Women,Footwear,Shoes,2011.0,Casual,Carlton London Women Classy Gold Sandals,20777.jpg
54739,Men,Footwear,Shoes,2012.0,Casual,Vans Men Grey Del Norte Canvas Shoes,54739.jpg
54066,Men,Footwear,Shoes,2012.0,Casual,ADIDAS Men Olive Shoes,54066.jpg
13151,Men,Apparel,Topwear,2011.0,Casual,Puma Men Jersey Blue Polo Tshirts,13151.jpg
17320,Men,Accessories,Eyewear,2016.0,Casual,Pepe Jeans Men Casual Sunglasses,17320.jpg
4792,Men,Apparel,Topwear,2011.0,Sports,ADIDAS Men's Dare Light Blue T-shirt,4792.jpg
35412,Men,Footwear,Shoes,2012.0,Casual,Enroute Men Black Shoes,35412.jpg
40691,Men,Footwear,Shoes,2012.0,Formal,Numero Uno Men Black Shoes,40691.jpg
56640,Women,Apparel,Topwear,2012.0,Casual,Mumbai Slang Women Multi Coloured Tunic,56640.jpg
51150,Men,Accessories,Socks,2016.0,Casual,Parx Men Black Socks,51150.jpg
19165,Men,Apparel,Topwear,2011.0,Casual,United Colors of Benetton Men Green T-shirt,19165.jpg
12429,Men,Footwear,Shoes,2011.0,Casual,Timberland Men Casual Brown Casual Shoes,12429.jpg
48010,Men,Accessories,Watches,2016.0,Casual,Helix Men Blue Dial Watch,48010.jpg
22485,Women,Apparel,Topwear,2011.0,Ethnic,Global Desi Women Printed White Top,22485.jpg
6804,Men,Footwear,Shoes,2011.0,Casual,Timberland Men's Driver Venetian Brown Shoe,6804.jpg
52412,Women,Apparel,Loungewear and Nightwear,2015.0,Casual,Red Rose Pink Nightdress 9005,52412.jpg
37685,Unisex,Accessories,Bags,2012.0,Casual,American Tourister Unisex Black Backpack,37685.jpg
11032,Women,Apparel,Topwear,2011.0,Casual,Jealous 21 Women Check Blue Shirt,11032.jpg
9005,Women,Accessories,Bags,2015.0,Casual,Murcia Women Silver Party Purse Silver Handbags,9005.jpg
25441,Men,Footwear,Shoes,2012.0,Casual,Nike Men Elite Blue Shoes,25441.jpg
17760,Men,Footwear,Shoes,2011.0,Formal,Buckaroo Men New Pampa Black Formal Shoe,17760.jpg
13162,Unisex,Accessories,Headwear,2011.0,Casual,Puma Unisex Unisex Cat Logo White Caps,13162.jpg
15705,Men,Apparel,Bottomwear,2011.0,Sports,Nike Men Tennis Black Track Pants,15705.jpg
58104,Women,Accessories,Jewellery,2012.0,Casual,Rreverie Silver Ring,58104.jpg
7063,Unisex,Accessories,Bags,2011.0,Sports,Nike Unisex Hayward 29 Blue Backpack,7063.jpg
15817,Men,Apparel,Innerwear,2016.0,Casual,Facit Men Bicep Tee Olive Innerwear Vest,15817.jpg
38492,Boys,Apparel,Topwear,2012.0,Casual,Gini and Jony Boys Core Yellow T-shirt,38492.jpg
43513,Women,Apparel,Dress,2012.0,Casual,French Connection Women Orange Dress,43513.jpg
33912,Men,Accessories,Watches,2016.0,Casual,Citizen Men Black Dial Watch,33912.jpg
49299,Women,Accessories,Socks,2016.0,Casual,Arrow Women Pack Of 5 Socks,49299.jpg
12702,Women,Footwear,Shoes,2011.0,Casual,Nike Women Capri White Casual Shoes,12702.jpg
39375,Women,Accessories,Watches,2016.0,Casual,Helix Women Silver Dial Watch,39375.jpg
7656,Men,Accessories,Socks,2016.0,Casual,Wrangler Men's Navy Ankle Length Socks,7656.jpg
52837,Women,Accessories,Jewellery,2012.0,Casual,Adrika Black Earrings,52837.jpg
29123,Men,Footwear,Shoes,2012.0,Sports,Puma Men Aquil White Sports Shoes,29123.jpg
52633,Women,Accessories,Bags,2012.0,Casual,Mod-acc Women Grey Handbag,52633.jpg
40576,Women,Apparel,Topwear,2012.0,Ethnic,W Women Maroon Kurta,40576.jpg
16841,Women,Accessories,Eyewear,2016.0,Casual,Idee Women Funky Eyewear Brown Sunglasses,16841.jpg
52132,Boys,Apparel,Topwear,2012.0,Casual,Doodle Boys White Striped T-Shirt,52132.jpg
12138,Women,Apparel,Topwear,2011.0,Ethnic,Aurelia Women Solid Green Kurtas,12138.jpg
21762,Men,Accessories,Belts,2011.0,Casual,Fossil Men Mead Black Belt,21762.jpg
43769,Women,Accessories,Jewellery,2012.0,Casual,Royal Diadem Purple Earrings,43769.jpg
17746,Men,Footwear,Shoes,2011.0,Sports,Puma Men Excitmo I FG White Sports Shoe,17746.jpg
54165,Women,Accessories,Jewellery,2012.0,Casual,Femella Bronze Necklace,54165.jpg
1804,Men,Apparel,Bottomwear,2010.0,Sports,Kalenji Men Essential Baggy Black Shorts,1804.jpg
39659,Men,Footwear,Shoes,2012.0,Casual,Lotto Men Black Shoes,39659.jpg
14902,Women,Accessories,Wallets,2011.0,Casual,United Colors of Benetton Women Solid Black Wallets,14902.jpg
49666,Men,Accessories,Eyewear,2016.0,Casual,United Colors of Benetton Men Sunglass,49666.jpg
1528,Men,Apparel,Topwear,2010.0,Sports,Puma Men Ferrari Black Fleece Jacket,1528.jpg
17028,Men,Footwear,Flip Flops,2013.0,Casual,GAS Men Grey Pine Flip Flops,17028.jpg
49049,Women,Accessories,Jewellery,2012.0,Casual,Lucera Women Silver Ring,49049.jpg
40687,Men,Footwear,Shoes,2012.0,Casual,Numero Uno Men White Shoes,40687.jpg
51412,Men,Apparel,Topwear,2012.0,Formal,Myntra Men Lavender Striped Shirt,51412.jpg
24188,Unisex,Footwear,Shoes,2012.0,Casual,Converse Unisex Chuck Taylor All Stars Red Casual Shoes,24188.jpg
43922,Women,Apparel,Topwear,2012.0,Casual,Femella Women Blue Top,43922.jpg
7119,Unisex,Accessories,Bags,2017.0,Casual,Wildcraft Unisex Olive Green Backpack,7119.jpg
32191,Men,Footwear,Shoes,2012.0,Sports,ADIDAS Men Phantom Blue Sports Shoes,32191.jpg
54699,Women,Apparel,Topwear,2012.0,Ethnic,Shree Women Blue and White Printed Kurta,54699.jpg
16081,Women,Accessories,Eyewear,2016.0,Casual,Mayhem Women Gradient Sunglasses MAYS-9003-202,16081.jpg
10692,Men,Apparel,Topwear,2011.0,Casual,Doodle Boy Casual Red Tshirts,10692.jpg
9900,Men,Apparel,Bottomwear,2011.0,Casual,Spykar Men Actif Fit Low Waist Blue Jeans,9900.jpg
32263,Women,Apparel,Topwear,2012.0,Ethnic,Fabindia Women Printed Orange Tunic,32263.jpg
56663,Men,Footwear,Shoes,2012.0,Casual,United Colors of Benetton Men Brown Shoes,56663.jpg
27298,Women,Apparel,Topwear,2011.0,Ethnic,Mother Earth Women Printed Green Kurta,27298.jpg
24074,Women,Footwear,Shoes,2015.0,Casual,Catwalk Women Beige Shoes,24074.jpg
8819,Men,Apparel,Topwear,2011.0,Casual,Spykar Men Ranger Solid Navy Blue Shirts,8819.jpg
13335,Women,Apparel,Topwear,2011.0,Casual,Gini and Jony Kids Girls Printed Pink Tops,13335.jpg
28814,Men,Apparel,Bottomwear,2012.0,Casual,Denizen Men Blue Jeans,28814.jpg
51802,Women,Apparel,Loungewear and Nightwear,2016.0,Casual,Bwitch  Navy Blue  Nightdress,51802.jpg
43992,Women,Personal Care,Fragrance,2017.0,Casual,Police Women Passion Eau De Toilette Natural Spray,43992.jpg
8930,Men,Accessories,Wallets,2011.0,Casual,Puma Men Originals Billfold Black Wallet,8930.jpg
40606,Women,Apparel,Topwear,2012.0,Ethnic,Span Women Purple Kurta,40606.jpg
10160,Men,Footwear,Shoes,2011.0,Casual,Puma Men 917 Lo Paint Splatter White Casual Shoes,10160.jpg
56496,Women,Personal Care,Nails,2017.0,,Streetwear Quick Dry Girly Pink Nail Polish 09,56496.jpg
40993,Girls,Apparel,Topwear,2012.0,Casual,Gini and Jony Girls Pink Striped Top,40993.jpg
22255,Women,Footwear,Shoes,2012.0,Casual,Inc. 5 Women Casual Green Flats,22255.jpg
53466,Women,Apparel,Innerwear,2018.0,Casual,Amante Maroon Full-Coverage Lace Bra BCLC12,53466.jpg
49288,Men,Accessories,Socks,2016.0,Casual,Arrow Men Pack of 5 Socks,49288.jpg
11684,Men,Apparel,Topwear,2011.0,Casual,Lee Men Striped Shirt,11684.jpg
41661,Men,Apparel,Topwear,2012.0,Formal,Mark Taylor Men Blue Striped Shirt,41661.jpg
23309,Women,Apparel,Topwear,2011.0,Ethnic,W Women Black Kurta,23309.jpg
19975,Men,Apparel,Topwear,2011.0,Casual,United Colors of Benetton Men Red Polo TShirt,19975.jpg
42915,Women,Accessories,Belts,2012.0,Casual,French Connection Women Grey Belt,42915.jpg
21470,Women,Footwear,Flip Flops,2012.0,Casual,Roxy Women Bamboo Grey Flip Flops,21470.jpg
3432,Men,Apparel,Topwear,2011.0,Casual,Myntra Men's Everyone Entitled Black T-shirt,3432.jpg
37969,Women,Footwear,Shoes,2012.0,Casual,Clarks Women Taupe Heels,37969.jpg
37848,Men,Accessories,Wallets,2012.0,Casual,Hidekraft Men Black Wallet,37848.jpg
12542,Women,Apparel,Topwear,2011.0,Casual,Tantra Women Blue Printed T-shirt,12542.jpg
17191,Men,Apparel,Topwear,2016.0,Casual,U.S. Polo Assn. Men Checks  Blue Shirt,17191.jpg
46046,Women,Accessories,Jewellery,2016.0,Casual,Estelle Women Gold Earrings,46046.jpg
27331,Women,Personal Care,Perfumes,2017.0,Casual,Jovan Women Black Musk Perfume,27331.jpg
14792,Women,Accessories,Bags,2011.0,Casual,United Colors of Benetton Women Solid Beige Handbags,14792.jpg
28615,Men,Apparel,Topwear,2012.0,Sports,Nike Men Black T-shirt,28615.jpg
56980,Women,Footwear,Shoes,2012.0,Casual,HM Women Magenta Sandals,56980.jpg
20934,Men,Accessories,Bags,2016.0,Casual,Fastrack Men Navy Blue Backpack,20934.jpg
2694,Boys,Apparel,Topwear,2011.0,Casual,Disney Kids Boy's Red Twofur Layered Kidswear,2694.jpg
36835,Men,Footwear,Shoes,2012.0,Sports,Nike Men Lunarglide Grey Sports Shoes,36835.jpg
53835,Women,Apparel,Topwear,2012.0,Ethnic,Vishudh Women Blue Printed Kurta,53835.jpg
4784,Women,Apparel,Topwear,2011.0,Sports,ADIDAS Women's V Neck With Crystal Purple T-shirt,4784.jpg
13562,Women,Footwear,Shoes,2013.0,Casual,Carlton London Women Casual Purple Flats,13562.jpg
17493,Men,Footwear,Flip Flops,2011.0,Casual,Puma Men Red Winglet II Flip Flops,17493.jpg
3426,Men,Apparel,Topwear,2011.0,Casual,Myntra Mens Request denied T-shirt,3426.jpg
35331,Women,Accessories,Jewellery,2016.0,Ethnic,Fabindia Women Silver Anusuya Earrings,35331.jpg
37884,Unisex,Accessories,Socks,2016.0,Casual,Happy Socks Unisex Black Socks,37884.jpg
57099,Women,Apparel,Bottomwear,2012.0,Casual,Elle Women Purple Capris,57099.jpg
19666,Women,Apparel,Topwear,2011.0,Casual,United Colors of Benetton Women Solid Grey Top,19666.jpg
1927,Unisex,Accessories,Bags,2011.0,Sports,Domyos Navy Blue Bag,1927.jpg
46480,Women,Accessories,Watches,2016.0,Casual,Timex Women Steel Watch,46480.jpg
34068,Women,Footwear,Shoes,2012.0,Formal,Clarks Women Cash Box Leather Black Heeled Shoes,34068.jpg
3880,Men,Apparel,Topwear,2011.0,Casual,Wrangler Men's Burnt Out Grey T-shirt,3880.jpg
7134,Men,Apparel,Bottomwear,2011.0,Casual,Urban Yoga Men Bottom Navy Yoga Pants,7134.jpg
30084,Men,Free Items,Free Gifts,2016.0,Casual,Ed Hardy Men Black & Green Dial Watch,30084.jpg
31017,Men,Apparel,Topwear,2012.0,Formal,Arrow Men White Striped Shirt,31017.jpg
2587,Women,Apparel,Topwear,2011.0,Casual,Quechua Women's Blue T-shirt,2587.jpg
32459,Men,Apparel,Topwear,2012.0,Casual,ADIDAS Men Tank Green T-shirt,32459.jpg
3489,Men,Footwear,Shoes,2011.0,Casual,ADIDAS Men's Jawpaw Blue Shoe,3489.jpg
26875,Women,Apparel,Topwear,2012.0,Casual,Jealous 21 Women Pink Printed T-shirt,26875.jpg
8121,Men,Accessories,Belts,2016.0,Casual,Fastrack Men Brown Belt,8121.jpg
57483,Men,Footwear,Shoes,2012.0,Casual,ID Men Navy Blue Casual Shoes,57483.jpg
53734,Men,Footwear,Shoes,2012.0,Casual,Puma Men Grey Vintage Ferrari Shoes,53734.jpg
59975,Women,Apparel,Dress,2012.0,Casual,Avirate Black & Purple Dress,59975.jpg
11665,Women,Apparel,Topwear,2011.0,Casual,Lee Women Printed Blue Tshirts,11665.jpg
11096,Women,Apparel,Topwear,2011.0,Casual,Scullers Women Stripes Purple Sweaters,11096.jpg
40197,Women,Apparel,Topwear,2012.0,Ethnic,Mumbai Slang Women Peach Kurti,40197.jpg
9774,Men,Apparel,Topwear,2011.0,Casual,ADIDAS Men Co Graphic White Tshirts,9774.jpg
22742,Women,Apparel,Topwear,2011.0,Ethnic,BIBA Women Printed Red Kurta,22742.jpg
57330,Women,Apparel,Innerwear,2015.0,Casual,Amante Cream-Coloured Demi-Cup Balconette Bra BCPP01,57330.jpg
54050,Women,Apparel,Bottomwear,2012.0,Casual,Myntra Women Black Jeggings,54050.jpg
11371,Men,Apparel,Topwear,2011.0,Casual,United Colors Of Benetton Men Summer Black Shirts,11371.jpg
37887,Unisex,Accessories,Socks,2016.0,Casual,Happy Socks Unisex Red Socks,37887.jpg
17004,Women,Footwear,Shoes,2012.0,Casual,Rocia Women Brown Ballerinas,17004.jpg
3728,Women,Apparel,Topwear,2011.0,Sports,Mumbai Indians Womens Match Jersey,3728.jpg
33998,Women,Apparel,Bottomwear,2012.0,Casual,Femella Women Blue Leggings,33998.jpg
41563,Women,Apparel,Dress,2012.0,Casual,AND Women Grey Dress,41563.jpg
31185,Men,Accessories,Accessories,2015.0,Casual,Cabarelli Men Accessory Gift Set,31185.jpg
6482,Men,Apparel,Topwear,2011.0,Casual,ADIDAS Men's Strip Polo Black Green T-shirt,6482.jpg
17550,Men,Apparel,Topwear,2011.0,Formal,Mark Taylor Men Red & White Striped Shirt,17550.jpg
39592,Women,Footwear,Shoes,2015.0,Casual,Catwalk Women Yellow Wedges,39592.jpg
18555,Women,Footwear,Shoes,2015.0,Casual,Catwalk Women Casual Brown Flats,18555.jpg
56375,Men,Personal Care,Fragrance,2017.0,Casual,dunhill Men Pure Deoorant Stick,56375.jpg
21166,Women,Apparel,Topwear,2011.0,Casual,s.Oliver Women Solid Black Top,21166.jpg
46637,Women,Personal Care,Fragrance,2017.0,Casual,Rasasi Women Feelings Deo,46637.jpg
28263,Men,Personal Care,Fragrance,2017.0,Casual,Gatsby Men Aqua Deo,28263.jpg
36457,Men,Footwear,Shoes,2013.0,Sports,Spinn Men Temptation Grey Sport Shoes,36457.jpg
18058,Women,Accessories,Wallets,2015.0,Casual,Lino Perros Women Solid Purple Wallet,18058.jpg
45710,Women,Personal Care,Fragrance,2017.0,Casual,Paris Hilton Just Me Women Perfume,45710.jpg
22578,Men,Apparel,Topwear,2011.0,Casual,Highlander Men Check Grey Shirt,22578.jpg
22877,Men,Footwear,Shoes,2012.0,Casual,Woodland Men Olive Casual Shoes,22877.jpg
7884,Men,Apparel,Bottomwear,2011.0,Casual,Proline Men Black Track Pants,7884.jpg
11583,Women,Apparel,Topwear,2011.0,Ethnic,W Women Printed White Kurtas,11583.jpg
40991,Girls,Apparel,Topwear,2012.0,Casual,Gini and Jony Girls Milan Yellow Top,40991.jpg
8113,Men,Accessories,Belts,2016.0,Casual,Fastrack Men Coffee Canvas Beige Stiches Belt,8113.jpg
54612,Men,Apparel,Innerwear,2016.0,Casual,Jockey ELANCE Men White Briefs 1009,54612.jpg
18345,Men,Accessories,Socks,2011.0,Casual,Fila Men Ankel White Socks,18345.jpg
41030,Men,Accessories,Watches,2016.0,Casual,Nautica Men Silver Dial Watch,41030.jpg
30601,Men,Apparel,Topwear,2012.0,Sports,Nike Men Sports Reversible Black T-shirt,30601.jpg
40128,Girls,Apparel,Topwear,2012.0,Casual,Gini and Jony Girls Roseatte Orange Top,40128.jpg
24515,Women,Apparel,Topwear,2011.0,Ethnic,Mother Earth Women Orange Printed Kurta,24515.jpg
28496,Men,Apparel,Bottomwear,2012.0,Casual,Urban Yoga Men Solid Grey Track Pants,28496.jpg
50429,Unisex,Accessories,Accessories,2012.0,Casual,Lino Perros Unisex Blue Satchel,50429.jpg
59641,Women,Apparel,Saree,2012.0,Ethnic,FNF Orange & Cream Collection For Wedding Sari,59641.jpg
30255,Men,Footwear,Shoes,2018.0,Casual,Red Tape Men Black Shoes,30255.jpg
28010,Men,Apparel,Innerwear,2016.0,Casual,Jockey ZONE Men Grey Modern Trunks US19,28010.jpg
29063,Unisex,Footwear,Shoes,2011.0,Casual,Converse Unisex Navy Blue White Casual Shoes,29063.jpg
7686,Men,Apparel,Topwear,2011.0,Sports,Puma Men Alonso Track Red Ferrari Jacket,7686.jpg
59923,Women,Apparel,Topwear,2012.0,Ethnic,Diva Women Cream Kurta,59923.jpg
50632,Men,Apparel,Innerwear,2016.0,Casual,Chromozome Men Grey & Black Trunks,50632.jpg
42046,Women,Accessories,Wallets,2013.0,Casual,Bulchee Women Black Long Envelope Wallet,42046.jpg
44906,Men,Apparel,Bottomwear,2012.0,Casual,Puma Men White 3/4 Length Pants,44906.jpg
42718,Women,Footwear,Shoes,2012.0,Casual,Rocia Women Brown Sandals,42718.jpg
13522,Women,Apparel,Topwear,2011.0,Casual,Jealous 21 Women Solid Green Tops,13522.jpg
29964,Men,Accessories,Eyewear,2016.0,Casual,Cat Men Sheet Sunglasses,29964.jpg
55429,Women,Personal Care,Lips,2017.0,Casual,Revlon MoistureStay Dusk Lipcolor 11,55429.jpg
55211,Women,Personal Care,Lips,2017.0,Casual,Lakme Lip Love Haze Lipstick,55211.jpg
3100,Men,Apparel,Topwear,2011.0,Casual,Probase Men's Spirit Blue T-shirt,3100.jpg
14779,Men,Apparel,Topwear,2011.0,Formal,Arrow Men Stripes Green Shirts,14779.jpg
28111,Men,Apparel,Innerwear,2016.0,Casual,Jockey MODERN CLASSIC Men white Boxer 8009,28111.jpg
42820,Women,Apparel,Innerwear,2012.0,Casual,Little Miss Intimates Women Blue Brief,42820.jpg
52473,Women,Apparel,Loungewear and Nightwear,2017.0,Casual,Red Rose Women Pink & White Bath Robes,52473.jpg
17829,Men,Footwear,Shoes,2011.0,Sports,Nike Men Dual Fusion ST 2 White Sports Shoe,17829.jpg
7128,Women,Apparel,Bottomwear,2011.0,Casual,Urban Yoga Women Bottom Black Track Pant,7128.jpg
12367,Men,Apparel,Topwear,2011.0,Formal,Reid & Taylor Men White Shirt,12367.jpg
43041,Girls,Apparel,Topwear,2012.0,Casual,Gini and Jony Girls Pink Top,43041.jpg
18799,Unisex,Accessories,Bags,2010.0,Casual,Peter England Unisex Casual Khakhi Bag,18799.jpg
21989,Women,Accessories,Bags,2015.0,Casual,Murcia Women Leatherette Pink Handbag,21989.jpg
13203,Men,Footwear,Shoes,2011.0,Sports,ASICS Men Gel Cumulus Running Grey Sports Shoes,13203.jpg
6717,Men,Apparel,Topwear,2011.0,Casual,Locomotive Men's Ribbed Neck Blue T-shirt,6717.jpg
30709,Women,Accessories,Bags,2012.0,Ethnic,Fabindia Red Silk Sling Purse,30709.jpg
58270,Women,Accessories,Bags,2012.0,Casual,Baggit Women Gold Clutch,58270.jpg
26589,Men,Footwear,Shoes,2012.0,Sports,Puma Men Powercat Black Sports Shoes,26589.jpg
19277,Women,Accessories,Watches,2016.0,Casual,Guess Women Candy Pop Black Watch,19277.jpg
18944,Men,Accessories,Socks,2016.0,Casual,Levis Men Scottish Stripes Flat Knit Pack of 3 Socks,18944.jpg
50688,Men,Apparel,Innerwear,2016.0,Casual,Chromozome Men White Trunks,50688.jpg
6617,Men,Apparel,Topwear,2011.0,Casual,Spykar Men Black and white Check Shirt,6617.jpg
8243,Women,Accessories,Bags,2016.0,Casual,Fastrack Women Yellow Sling Bag,8243.jpg
49640,Women,Apparel,Topwear,2012.0,Casual,Mineral Women Turquoise Blue Top,49640.jpg
19879,Women,Footwear,Flip Flops,2011.0,Casual,ADIDAS Women Psychedlic White Flip Flops,19879.jpg
25937,Women,Accessories,Scarves,2012.0,Casual,Femella Women Blue Scarf,25937.jpg
45358,Women,Footwear,Shoes,2016.0,Casual,Cobblerz Women Brown Sandals,45358.jpg
18872,Men,Footwear,Shoes,2012.0,Formal,Franco Leone Men Formal Black Shoes,18872.jpg
11565,Women,Apparel,Topwear,2011.0,Ethnic,W Women Printed Green Kurtas,11565.jpg
13315,Men,Apparel,Topwear,2011.0,Casual,Gini and Jony Kids Boys Check Blue Shirts,13315.jpg
45269,Men,Accessories,Watches,2017.0,Casual,CASIO Youth Series Digital Men Black Small Dial Digital Watch W-210-1CVDF I065,45269.jpg
29200,Men,Accessories,Socks,2012.0,Sports,Fila Men Navy Blue Socks,29200.jpg
48110,Women,Apparel,Bottomwear,2012.0,Casual,French Connection Women Red Shorts,48110.jpg
30200,Unisex,Accessories,Bags,2012.0,Casual,Nike Unisex Casual Blue Backpack,30200.jpg
9868,Men,Apparel,Topwear,2011.0,Casual,Status Quo Men Navy Blue Polo Tshirts,9868.jpg
16994,Women,Footwear,Shoes,2012.0,Casual,Rocia Women Casual Black Heels,16994.jpg
40316,Men,Footwear,Shoes,2012.0,Casual,ADIDAS Men Black Zeitfrei Shoes,40316.jpg
29053,Men,Apparel,Topwear,2012.0,Casual,ADIDAS Men Junkie White T-shirt,29053.jpg
11376,Women,Apparel,Topwear,2011.0,Casual,United Colors Of Benetton Women Light Winter Grey Tops,11376.jpg
33451,Women,Accessories,Wallets,2012.0,Casual,Baggit Women Temptation Moly Red Wallet,33451.jpg
19641,Men,Apparel,Topwear,2011.0,Casual,United Colors of Benetton Men Solid Black Sweatshirt,19641.jpg
10604,Unisex,Accessories,Headwear,2011.0,Sports,Nike Unisex Tennis Red Caps,10604.jpg
57165,Women,Apparel,Topwear,2012.0,Casual,Elle Women Magenta Clash Top,57165.jpg
28928,Men,Apparel,Topwear,2012.0,Casual,Mr. Men Printed Charcoal T-shirt,28928.jpg
20154,Men,Apparel,Topwear,2011.0,Casual,Wrangler Men Tylor Navy Blue Shirt,20154.jpg
19682,Women,Apparel,Topwear,2011.0,Casual,United Colors of Benetton Women Purple Sweatshirt,19682.jpg
40135,Boys,Apparel,Topwear,2012.0,Casual,Gini and Jony Boys Aviator White T-shirt,40135.jpg
17927,Men,Apparel,Bottomwear,2011.0,Sports,Nike Men Trainng Black Track Pant,17927.jpg
8921,Men,Accessories,Belts,2011.0,Casual,Puma Men high shine White Belt,8921.jpg
53720,Women,Accessories,Bags,2012.0,Casual,Kiara Women Green Handbag,53720.jpg
10491,Women,Apparel,Topwear,2011.0,Casual,Flying Machine Women HS White Tshirts,10491.jpg
19259,Women,Accessories,Watches,2016.0,Casual,Guess Women Trapeze Gold Watch,19259.jpg
49328,Women,Accessories,Watches,2016.0,Casual,DKNY Women White Dial Watch NY8283,49328.jpg
23521,Men,Accessories,Watches,2016.0,Casual,ADIDAS Men Black Dial Watch,23521.jpg
6928,Men,Apparel,Topwear,2011.0,Casual,Timberland Men's Rugby Pique Golden Rod T-shirt,6928.jpg
34071,Women,Footwear,Shoes,2012.0,Casual,Clarks Women Saturn Whizz Leather Black Sandals,34071.jpg
26958,Women,Apparel,Topwear,2012.0,Casual,Jealous 21 Women Teal Shirt,26958.jpg
12297,Men,Apparel,Topwear,2011.0,Formal,Genesis Men Stripes Blue Shirts,12297.jpg
44113,Women,Personal Care,Fragrance,2017.0,Casual,Boss Women Sunset Perfume,44113.jpg
33030,Women,Apparel,Topwear,2012.0,Ethnic,Mother Earth Women Printed Black Kurta,33030.jpg
55441,Women,Personal Care,Lips,2017.0,Casual,Revlon Fuschia Colorburst Lipstick 030,55441.jpg
41979,Boys,Apparel,Topwear,2012.0,Casual,Gini and Jony Boys Around The World Grey T-shirt,41979.jpg
59593,Women,Apparel,Saree,2012.0,Ethnic,FNF Blue & Purple Collection for Wedding Sari,59593.jpg
51333,Men,Apparel,Topwear,2015.0,Casual,Wildcraft Men Beige Wind Cheater Jackets,51333.jpg
34996,Women,Apparel,Saree,2012.0,Ethnic,Fabindia Women H& Printed Rust Sari,34996.jpg
46763,Women,Personal Care,Fragrance,2017.0,Casual,Valentino Perfumes Women 50 ml Eau de Parfum,46763.jpg
36368,Men,Accessories,Ties,2012.0,Formal,Reid & Taylor Men Blue Tie,36368.jpg
58481,Men,Accessories,Wallets,2016.0,Casual,Fossil Men Black Wallet,58481.jpg
34883,Women,Accessories,Bags,2012.0,Casual,Envirosax Women Multi Coloured Bag,34883.jpg
6085,Women,Apparel,Topwear,2011.0,Casual,UCB Women's Halftone Print White T-shirt,6085.jpg
10299,Women,Footwear,Shoes,2013.0,Casual,Clarks Women Black Leather Wedges,10299.jpg
52652,Women,Accessories,Bags,2012.0,Casual,Mod-acc Women Pink Handbag,52652.jpg
41851,Men,Accessories,Socks,2015.0,Casual,Genesis Men Pack of 3 Socks,41851.jpg
2584,Unisex,Apparel,Bottomwear,2010.0,Sports,Kalenji Unisex Tight Black Track Pant,2584.jpg
9852,Men,Apparel,Bottomwear,2011.0,Formal,Indian Terrain Men Jason Beige Trousers,9852.jpg
8883,Men,Apparel,Bottomwear,2011.0,Formal,Scullers Men Scul Grey Trousers,8883.jpg
43322,Women,Apparel,Topwear,2012.0,Casual,United Colors of Benetton Women Navy Blue Top,43322.jpg
21260,Unisex,Accessories,Bags,2011.0,Casual,Skybags Unisex Brown Backpack,21260.jpg
57380,Women,Apparel,Innerwear,2015.0,Casual,Amante Women Grey Briefs PFCL06,57380.jpg
49927,Women,Apparel,Saree,2012.0,Ethnic,Fabindia Beige Hand Printed Sari,49927.jpg
58298,Men,Accessories,Socks,2016.0,Sports,Jockey LCESCBRA Men Pack of 3 Socks 2004,58298.jpg
19785,Men,Apparel,Topwear,2016.0,Casual,U.S. Polo Assn. Men Solid Red Tshirt,19785.jpg
17573,Men,Apparel,Topwear,2011.0,Formal,Mark Taylor Men Blue & White Striped Shirt,17573.jpg
56631,Women,Personal Care,Skin Care,2017.0,Casual,Olay Regenerist Cream Cleanser,56631.jpg
44556,Men,Footwear,Sandal,2012.0,Casual,Coolers Men Black Sandals,44556.jpg
1860,Men,Apparel,Topwear,2011.0,Casual,Inkfruit Mens Shiva T-shirt,1860.jpg
54581,Women,Apparel,Topwear,2012.0,Ethnic,Sushilas Women Printed Green Kurta,54581.jpg
14165,Men,Accessories,Belts,2011.0,Formal,Belmonte Men Snake Skin Look Black Belts,14165.jpg
30305,Men,Apparel,Topwear,2012.0,Casual,Myntra Men I M The Captain Off White T-shirt,30305.jpg
24294,Men,Accessories,Socks,2016.0,Casual,Quiksilver Men High Navy Blue Socks,24294.jpg
40261,Men,Apparel,Topwear,2012.0,Casual,Scullers Men Check Purple & Green Shirt,40261.jpg
10738,Women,Accessories,Watches,2016.0,Casual,Puma Women Slick Ladies 3HD Pink Pink Watches,10738.jpg
49125,Women,Personal Care,Nails,2017.0,Casual,Deborah Shine Tech Ruibes Nail Polish 34,49125.jpg
50010,Women,Apparel,Innerwear,2015.0,Casual,Hanes Grey & Pink Contour Bra 83U203,50010.jpg
45440,Men,Apparel,Topwear,2012.0,Casual,Fila Men Blue T-shirt,45440.jpg
54881,Women,Accessories,Jewellery,2012.0,Casual,Ivory Tag Women Sparkling Coral Red Necklace,54881.jpg
45013,Men,Accessories,Watches,2016.0,Sports,Maxima Men Digital Watch,45013.jpg
54228,Women,Footwear,Flip Flops,2012.0,Casual,Puma Women Black Sicily Flip Flops,54228.jpg
3545,Men,Footwear,Shoes,2015.0,Casual,Skechers Men's Grey Lifestyle Shoe,3545.jpg
36718,Boys,Apparel,Topwear,2012.0,Casual,Gini and Jony Boys Printed Yellow T-Shirt,36718.jpg
32444,Men,Apparel,Bottomwear,2015.0,Sports,ADIDAS Men Navy Blue Shorts,32444.jpg
5772,Women,Apparel,Topwear,2011.0,Casual,Jealous 21 Women's Purple Graphic Top,5772.jpg
19628,Men,Apparel,Topwear,2011.0,Casual,United Colors of Benetton Men Printed Black Tshirt,19628.jpg
43326,Women,Apparel,Topwear,2012.0,Casual,United Colors of Benetton Women Blue Slim Fit T-shirt,43326.jpg
26141,Men,Apparel,Bottomwear,2012.0,Formal,John Miller Men Striped Navy Blue Trousers,26141.jpg
8427,Unisex,Sporting Goods,Sports Equipment,2011.0,Sports,Spalding Unisex Blue Basketball,8427.jpg
51164,Men,Accessories,Socks,2016.0,Casual,Raymond Men Black Socks,51164.jpg
30344,Men,Apparel,Topwear,2012.0,Casual,Myntra Men Flash Off White T-shirt,30344.jpg
44615,Women,Footwear,Flip Flops,2012.0,Casual,Fila Women Blue Flip Flops,44615.jpg
43806,Women,Accessories,Jewellery,2012.0,Casual,Royal Diadem White Earrings,43806.jpg
11446,Women,Apparel,Topwear,2011.0,Casual,United Colors of Benetton Women White Light Winter Top,11446.jpg
33691,Men,Footwear,Shoes,2012.0,Formal,Cobblerz Men Brown Leather Formal Shoes,33691.jpg
12711,Women,Footwear,Shoes,2011.0,Sports,Nike Women Lunarshift Grey Sports Shoes,12711.jpg
21476,Women,Apparel,Topwear,2012.0,Casual,Roxy Women Grey Printed Sweatshirt,21476.jpg
59653,Women,Apparel,Saree,2012.0,Ethnic,FNF Green & Pink Evening Wear Sari,59653.jpg
27448,Women,Apparel,Topwear,2015.0,Casual,Jockey Women White Round Neck T-Shirt,27448.jpg
31038,Men,Apparel,Topwear,2012.0,Casual,Arrow Sport Men blue Printed T-shirt,31038.jpg
32456,Men,Apparel,Bottomwear,2013.0,Sports,ADIDAS Men Black Track Pants,32456.jpg
51126,Women,Free Items,Free Gifts,2012.0,Ethnic,Satya Paul Pink Saree,51126.jpg
7932,Women,Apparel,Loungewear and Nightwear,2011.0,Sports,Puma Women's Jersey Black Track Pant,7932.jpg
37411,Women,Accessories,Bags,2012.0,Casual,Murcia Women Basket Thatch Brown Handbag,37411.jpg
20005,Women,Apparel,Topwear,2011.0,Casual,United Colors of Benetton Women Blue Printed Top,20005.jpg
33741,Women,Apparel,Topwear,2012.0,Casual,Vero Moda Women Multi Coloured Top,33741.jpg
14801,Women,Accessories,Bags,2011.0,Casual,United Colors of Benetton Women Solid Black Handbags,14801.jpg
54585,Women,Apparel,Topwear,2012.0,Ethnic,Sushilas Women Pink Kurta,54585.jpg
29184,Men,Apparel,Topwear,2012.0,Casual,United Colors of Benetton Men Blue Shirt,29184.jpg
50955,Women,Apparel,Bottomwear,2011.0,Casual,Lee Womens Blue Roxy Fit Jeans,50955.jpg
58988,Women,Personal Care,Fragrance,2017.0,Casual,Cavallini Women Deo,58988.jpg
50874,Women,Apparel,Saree,2012.0,Ethnic,Prafful Purple & Green Printed Sari,50874.jpg
43646,Women,Apparel,Dress,2012.0,Casual,ONLY Women Blue Dress,43646.jpg
17060,Women,Accessories,Belts,2015.0,Casual,Lino Perros Women Flower Print Red Belt,17060.jpg
21123,Men,Apparel,Topwear,2011.0,Casual,s.Oliver Men Check Purple Sweater,21123.jpg
3370,Women,Footwear,Shoes,2012.0,Sports,Asics Women Gel Cushioning Running Grey Pink Shoe,3370.jpg
2142,Men,Apparel,Topwear,2011.0,Casual,Basics Men Grey Tshirt,2142.jpg
53461,Women,Apparel,Innerwear,2015.0,Casual,Amante Black T-Shirt Bra,53461.jpg
5178,Men,Apparel,Topwear,2011.0,Casual,Rolling Stone Men's The Rolling Stones Navy T-shirt,5178.jpg
40990,Girls,Apparel,Topwear,2012.0,Casual,Palm Tree Girls Milan White Top,40990.jpg
55873,Women,Personal Care,Nails,2017.0,Casual,Colorbar Pretty Please 2 Nail Lacquer 79V,55873.jpg
40087,Men,Apparel,Topwear,2012.0,Casual,ADIDAS Men Black Polo T-Shirt,40087.jpg
52570,Women,Accessories,Bags,2012.0,Casual,Mod'acc Women Grey Clutch,52570.jpg
34052,Boys,Apparel,Bottomwear,2012.0,Casual,Gini and Jony Boys Yellow 3/4 Length Pants,34052.jpg
33713,Men,Footwear,Flip Flops,2012.0,Casual,Cobblerz Men Red Flip Flops,33713.jpg
36699,Men,Personal Care,Fragrance,2017.0,Casual,Hugo Boss Men Perfume,36699.jpg
45896,Men,Accessories,Watches,2016.0,Casual,Maxima Ssteele Men White Dial Watch,45896.jpg
56542,Women,Personal Care,Eyes,2017.0,,Streetwear Wonder Lash Mascara,56542.jpg
56989,Women,Footwear,Shoes,2012.0,Casual,HM Women Brown Flats,56989.jpg
19973,Men,Accessories,Headwear,2011.0,Casual,United Colors of Benetton Men Solid Grey Cap,19973.jpg
46382,Men,Apparel,Topwear,2012.0,Casual,ADIDAS Men Blue Printed T-shirt,46382.jpg
4521,Men,Footwear,Shoes,2011.0,Sports,Puma Men's Axis White Black Lime Shoe,4521.jpg
36673,Women,Accessories,Bags,2012.0,Casual,Paridhan Women Purple Handbag,36673.jpg
15892,Girls,Footwear,Shoes,2013.0,Casual,Warner Bros Tweety Girls Blue and White Casual Shoes,15892.jpg
27042,Women,Accessories,Bags,2012.0,Casual,Yelloe Black Animal Print Clutch,27042.jpg
22984,Men,Footwear,Shoes,2011.0,Sports,FILA Men White Temptation Sports Shoes,22984.jpg
17270,Men,Apparel,Topwear,2011.0,Casual,U.S. Polo Assn. Men Black Polo Tshirt,17270.jpg
21316,Women,Accessories,Eyewear,2016.0,Casual,Celine Dion Women Brown Frame Sunglasses,21316.jpg
28516,Men,Apparel,Topwear,2012.0,Sports,Nike Men Home Red Jersey,28516.jpg
17100,Women,Accessories,Wallets,2015.0,Casual,Lino Perros Women Flower Rust Wallet,17100.jpg
21626,Women,Apparel,Innerwear,2014.0,Casual,Enamor Women Smooth White Bra,21626.jpg
23047,Women,Apparel,Topwear,2011.0,Casual,Arrow Woman Charcoal Solid Sweater,23047.jpg
34516,Women,Footwear,Flip Flops,2012.0,Casual,ADIDAS Women Caroni Purple Flip Flops,34516.jpg
10507,Women,Apparel,Topwear,2011.0,Casual,Flying Machine Women Pink Polo Tshirts,10507.jpg
59941,Men,Footwear,Shoes,2013.0,Casual,Vans Men Navy Blue Casual Shoes,59941.jpg
13459,Men,Apparel,Topwear,2011.0,Casual,United Colors of Benetton Men Check Blue Shirts,13459.jpg
15913,Men,Apparel,Topwear,2011.0,Formal,Black Coffee Men Stripes White Shirt,15913.jpg
53628,Men,Accessories,Watches,2016.0,Casual,Q&Q Men Black Dial Analogue Watch C152J202Y,53628.jpg
59973,Women,Apparel,Dress,2012.0,Casual,Avirate Women Navy Blue Dress,59973.jpg
28100,Men,Apparel,Innerwear,2016.0,Casual,Jockey COMFPLUS Men Black Y Front Briefs 8004,28100.jpg
31267,Men,Apparel,Topwear,2012.0,Casual,Puma Men Hamburg Graphic Red T-shirt,31267.jpg
42832,Women,Accessories,Bags,2012.0,Casual,French Connection Women Taupe & Brown Handbag,42832.jpg
20069,Women,Accessories,Belts,2011.0,Casual,United Colors of Benetton Women Solid Black Belt,20069.jpg
48862,Women,Accessories,Jewellery,2012.0,Casual,Lucera Women Silver Pendant,48862.jpg
6891,Women,Apparel,Topwear,2011.0,Casual,Forever New Women Long Black Jacket,6891.jpg
55574,Women,Personal Care,Makeup,2017.0,Casual,Revlon Photo Ready Medium/ Deep Compact 03,55574.jpg
44125,Women,Personal Care,Fragrance,2017.0,Casual,Hugo Women Deep Red Perfume,44125.jpg
48320,Women,Accessories,Jewellery,2012.0,Casual,Pitaraa Silver Omelette Thin Bracelet,48320.jpg
59221,Women,Accessories,Watches,2016.0,Casual,Titan Women Gold Watch,59221.jpg
20128,Women,Apparel,Topwear,2011.0,Casual,Wrangler Women Checkerd Blue Shirt,20128.jpg
49129,Women,Personal Care,Makeup,2017.0,Casual,Deborah Medium Beige 24 Ore Perfect Concealer 4,49129.jpg
51031,Women,Apparel,Innerwear,2017.0,Casual,Enamor White Bra,51031.jpg
18716,Women,Apparel,Topwear,2011.0,Casual,Arrow Woman Shanna Black Top,18716.jpg
55970,Women,Personal Care,Lips,2019.0,Casual,Colorbar Velvet Matte Hearts & Tarts Lipstick 80V,55970.jpg
54325,Women,Apparel,Innerwear,2017.0,Casual,Garfield Women White & Pink Bra,54325.jpg
12477,Men,Footwear,Shoes,2012.0,Formal,Clarks Men Leather Brown Formal Shoes,12477.jpg
33147,Girls,Apparel,Bottomwear,2012.0,Casual,Gini and Jony Girls Blue Jeans,33147.jpg
28095,Men,Apparel,Innerwear,2016.0,Casual,Jockey MC Men Grey Melange Y Front Briefs 8003,28095.jpg
12220,Men,Apparel,Bottomwear,2013.0,Formal,Basics Men Solid Black Trousers,12220.jpg
45037,Men,Accessories,Watches,2016.0,Casual,Maxima Attivo Men White Dial Watch,45037.jpg
31824,Men,Accessories,Watches,2016.0,Casual,Titan Men Black Dial Watch,31824.jpg
34590,Women,Apparel,Topwear,2012.0,Casual,Tonga Women Printed Red Top,34590.jpg
15574,Boys,Apparel,Topwear,2011.0,Casual,Chhota Bheem Kids Boys Best Friends Group TShirt,15574.jpg
27943,Men,Apparel,Innerwear,2016.0,Casual,Jockey Men Comfort Stretch Charcoal Bikini Brief,27943.jpg
41527,Men,Accessories,Bags,2012.0,Casual,Basics Men Brown Messenger Bag,41527.jpg
38020,Women,Accessories,Watches,2016.0,Casual,Q&Q Women Steel Dial Watch,38020.jpg
55822,Women,Apparel,Loungewear and Nightwear,2017.0,Casual,SDL by Sweet Dreams Women White & Pink Printed Night Suit S11-3231,55822.jpg
11369,Women,Apparel,Topwear,2011.0,Casual,United Colors Of Benetton Women Light Winter Pink Tops,11369.jpg
43562,Men,Accessories,Socks,2012.0,Casual,Puma Men White Pack of 3 Socks,43562.jpg
6684,Women,Apparel,Topwear,2011.0,Casual,UCB Women's Pleat At Back Yellow T-shirt,6684.jpg
36789,Men,Accessories,Watches,2016.0,Casual,Maxima Men Silver Dial Attivo Watch,36789.jpg
29100,Unisex,Accessories,Bags,2012.0,Casual,Puma Unisex Black Backpack,29100.jpg
4162,Women,Apparel,Topwear,2011.0,Casual,Inkfruit Women's To do List Sea Green T-shirt,4162.jpg
3167,Women,Footwear,Shoes,2011.0,Sports,Nike Women Main Draw White Blue Shoe,3167.jpg
4239,Men,Apparel,Topwear,2011.0,Casual,Probase Men's Musical Figures Grey T-shirt,4239.jpg
56114,Women,Personal Care,Lips,2017.0,Casual,Colorbar Feelin Rosey Lip Pot 011,56114.jpg
21526,Women,Accessories,Bags,2015.0,Casual,Kiara Women Glossy Red Handbag,21526.jpg
9351,Men,Accessories,Socks,2011.0,Casual,Puma Men Sport Pack of 3 Pairs Black Sock,9351.jpg
32066,Men,Apparel,Innerwear,2016.0,Casual,Playboy Men Navy Blue Brief,32066.jpg
22686,Unisex,Accessories,Wallets,2015.0,Casual,Wildcraft Unisex Nylon Grey Passport Pouch,22686.jpg
27301,Women,Apparel,Topwear,2011.0,Ethnic,Mother Earth Women Printed Orange Kurta,27301.jpg
26587,Men,Footwear,Shoes,2012.0,Sports,Puma Men Vibrant VI Black Sports Shoes,26587.jpg
4916,Women,Apparel,Topwear,2011.0,Casual,Gini and Jony Girl's Vollie White Infant Kidswear,4916.jpg
16298,Men,Apparel,Topwear,2011.0,Casual,Peter England Men Check Navy Blue Shirt,16298.jpg
1592,Men,Footwear,Shoes,2011.0,Sports,Kipsta Men's Superfit Football Red Shoe,1592.jpg
25402,Men,Accessories,Mufflers,2012.0,Casual,Nike Men Striped Manchester United Red Scarf,25402.jpg
18624,Men,Apparel,Topwear,2011.0,Casual,Puma Men Lifestyle Knitted Cream Sweaters,18624.jpg
51870,Men,Apparel,Topwear,2012.0,Casual,Mark Taylor Beige Printed T-shirt,51870.jpg
1802,Men,Footwear,Shoes,2011.0,Sports,Quechua Men's Arpenaz Flex Yellow Shoe,1802.jpg
4872,Men,Apparel,Topwear,2016.0,Casual,Levis Kids Boy's Danio Grey Teens Kidswear,4872.jpg
45972,Women,Apparel,Topwear,2012.0,Casual,Tokyo Talkies Women Red Printed Top,45972.jpg
35313,Women,Accessories,Jewellery,2016.0,Ethnic,Fabindia Women Anusuya Silver Earrings,35313.jpg
24274,Men,Apparel,Topwear,2012.0,Casual,Quiksilver Men Basic Navy Blue T-shirt,24274.jpg
27739,Women,Accessories,Bags,2015.0,Casual,Murcia Black Handbag,27739.jpg
7120,Unisex,Accessories,Bags,2015.0,Casual,Wildcraft Unisex Green Printed Backpack,7120.jpg
55268,Women,Personal Care,Makeup,2017.0,Casual,Lakme Absolute Shine Line Smoky Grey Eye Liner,55268.jpg
35288,Unisex,Accessories,Watches,2016.0,Casual,Suunto Vector HR White Watch,35288.jpg
15945,Men,Accessories,Wallets,2011.0,Casual,Turtle Men Leather Brown Wallets,15945.jpg
58941,Women,Accessories,Watches,2016.0,Casual,Tommy Hilfiger Women White Dial Watch TH1780808-D,58941.jpg
26612,Men,Footwear,Shoes,2012.0,Sports,Puma Men Cell Turin Perf 2 Black Sports Shoes,26612.jpg
40669,Women,Apparel,Topwear,2012.0,Casual,Lee Women Navy Blue Printed Shirt,40669.jpg
32926,Men,Apparel,Topwear,2012.0,Casual,Status Quo Men Printed Purple T-shirt,32926.jpg
1947,Men,Apparel,Topwear,2010.0,Sports,Puma Mens Cricket Way of Life T-shirt,1947.jpg
34829,Men,Footwear,Shoes,2012.0,Sports,ADIDAS Men Bolt Navy Blue Sports Shoes,34829.jpg
32639,Men,Apparel,Topwear,2012.0,Sports,Nike Men Epaulet UV Crew Red T-shirt,32639.jpg
25204,Women,Accessories,Bags,2015.0,Casual,Lino Perros Women Leatherette Light Brown Handbag,25204.jpg
51956,Women,Accessories,Bags,2012.0,Casual,Yelloe Women Olive Sling Bag,51956.jpg
37243,Men,Footwear,Shoes,2012.0,Casual,United Colors of Benetton Men Brown Shoes,37243.jpg
59964,Women,Apparel,Dress,2012.0,Casual,Avirate Women Black Dress,59964.jpg
4051,Men,Apparel,Topwear,2011.0,Casual,Myntra Men's Eagle Emblem Yellow T-shirt,4051.jpg
24924,Women,Apparel,Topwear,2012.0,Casual,United Colors of Benetton Women Blue Top,24924.jpg
38132,Unisex,Accessories,Bags,2015.0,Casual,Wildcraft Unisex Red Zen Backpack,38132.jpg
22157,Men,Footwear,Shoes,2011.0,Casual,Lee Cooper Men Black Casual Shoes,22157.jpg
31314,Women,Apparel,Topwear,2012.0,Ethnic,W Women Red & Blue Printed Kurta,31314.jpg
29070,Unisex,Accessories,Bags,2018.0,Casual,Fastrack Unisex Blue Backpack,29070.jpg
54079,Women,Apparel,Topwear,2012.0,Ethnic,Mumbai Slang Women Black Kurti,54079.jpg
55359,Women,Personal Care,Nails,2017.0,Casual,Revlon Golden Touch Nail Enamel 384,55359.jpg
57424,Women,Apparel,Topwear,2015.0,Casual,Angry Birds Women Charcoal T-shirt,57424.jpg
37341,Boys,Apparel,Topwear,2008.0,Casual,U.S. Polo Assn. Kids Boys Orange T-shirt,37341.jpg
46775,Men,Personal Care,Fragrance,2017.0,Casual,Euroluxe Men Ammir Perfume,46775.jpg
13654,Men,Footwear,Shoes,2011.0,Casual,ADIDAS Black Speed Boat Casual Shoe,13654.jpg
18033,Women,Accessories,Bags,2015.0,Casual,Lino Perros Women Solid Brown Handbag,18033.jpg
8665,Unisex,Accessories,Eyewear,2016.0,Casual,Fastrack Unisex Army collection Brown Sunglasses,8665.jpg
45655,Men,Apparel,Innerwear,2016.0,Casual,Park Avenue White Brief,45655.jpg
16088,Men,Accessories,Eyewear,2016.0,Casual,M tv Men My Fab Eyewear Black Sunglasses,16088.jpg
53361,Women,Accessories,Bags,2012.0,Casual,Puma Women Pink & Grey Backpack,53361.jpg
24424,Men,Footwear,Shoes,2012.0,Sports,ADIDAS Men Vanquish 5 White Sports Shoes,24424.jpg
12716,Men,Footwear,Shoes,2011.0,Sports,Nike Men Air Visi Pro Grey Sports Shoes,12716.jpg
31605,Women,Apparel,Bottomwear,2012.0,Sports,Nike Women Running Black Skirt with Capris,31605.jpg
58487,Men,Accessories,Wallets,2016.0,Casual,Fossil Men Brown Wallet,58487.jpg
37753,Men,Apparel,Topwear,2012.0,Casual,John Players Men Stripes Blue Shirt,37753.jpg
52505,Women,Apparel,Loungewear and Nightwear,2015.0,Casual,Red Rose Off-White Printed Bath Robe,52505.jpg
54020,Women,Accessories,Bags,2012.0,Casual,Kiara Women Brown Handbag,54020.jpg
55120,Women,Personal Care,Nails,2017.0,Casual,Lakme Truewear Color Crush Nail Polish 20,55120.jpg
6937,Men,Apparel,Topwear,2011.0,Casual,Tantra Men's Destination Mustard T-shirt,6937.jpg
52972,Women,Apparel,Saree,2012.0,Ethnic,FNF Multi Coloured Sari,52972.jpg
23139,Men,Apparel,Topwear,2011.0,Casual,Quechua Men Fleece Olive Sweatshirt,23139.jpg
4011,Unisex,Sporting Goods,Sports Equipment,2011.0,Sports,Spalding Buror Grey Basketball,4011.jpg
20263,Men,Apparel,Topwear,2011.0,Casual,Wrangler Men Rust Red T-shirt,20263.jpg
46476,Women,Accessories,Watches,2016.0,Casual,Timex Women White Dial Watch,46476.jpg
5043,Men,Footwear,Shoes,2013.0,Casual,Fila Men's Sniper White Green Shoe,5043.jpg
36277,Women,Apparel,Loungewear and Nightwear,2017.0,Casual,SDL by Sweet Dreams Women Grey & Black Night suits,36277.jpg
58969,Men,Personal Care,Fragrance,2017.0,Casual,Colour Me Men Blue Perfume,58969.jpg
16951,Men,Accessories,Eyewear,2016.0,Casual,Image Men Classic Eyewear Black Sunglasses,16951.jpg
16203,Men,Apparel,Topwear,2011.0,Casual,Puma Men Logo Hooded Blue SweatShirt,16203.jpg
54113,Women,Footwear,Shoes,2012.0,Casual,Rocia Women Silver Flats,54113.jpg
36020,Men,Accessories,Belts,2015.0,Casual,OTLS Men Brown Leather Belt,36020.jpg
28301,Men,Accessories,Eyewear,2016.0,Casual,Fastrack Men Black Sunglasses M069BK3,28301.jpg
53738,Men,Apparel,Bottomwear,2012.0,Casual,ADIDAS Men White Track Pant,53738.jpg
10255,Men,Apparel,Topwear,2011.0,Casual,Locomotive Men Stripes Blue Shirts,10255.jpg
57952,Women,Apparel,Saree,2012.0,Ethnic,Prafful Off White Printed Sari,57952.jpg
9865,Men,Apparel,Topwear,2011.0,Casual,Status Quo Men Grey & Blue Striped T-shirt,9865.jpg
26350,Women,Accessories,Watches,2016.0,Casual,DKNY Women White Dial Watch NY8471,26350.jpg
33244,Men,Apparel,Topwear,2012.0,Formal,Arrow Men Blue Slim Fit Shirt,33244.jpg
1595,Men,Apparel,Topwear,2010.0,Sports,Domyos Men Good Stroke Black T-shirt,1595.jpg
34227,Men,Apparel,Topwear,2013.0,Casual,Proline Men Grey T-shirt,34227.jpg
21858,Boys,Apparel,Topwear,2011.0,Casual,Chhota Bheem Kids Boys I Like to Paint Navy Blue T-shirt,21858.jpg
32369,Men,Accessories,Watches,2016.0,Casual,Q&Q Men Black Dial Watch,32369.jpg
25106,Women,Accessories,Belts,2015.0,Casual,Lino Perros Women Brown Belt,25106.jpg
19982,Men,Apparel,Topwear,2011.0,Casual,United Colors of Benetton Men Printed Black TShirt,19982.jpg
21567,Men,Footwear,Shoes,2012.0,Casual,Numero Uno Men Casual White Shoes,21567.jpg
36809,Women,Personal Care,Fragrance,2017.0,Casual,Mont Blanc Women Femme Individuelle Perfume,36809.jpg
24155,Women,Apparel,Topwear,2011.0,Ethnic,Aurelia Women Green Kurta,24155.jpg
49914,Men,Accessories,Watches,2016.0,Casual,Q&Q Men Black Analog Watch,49914.jpg
14501,Men,Footwear,Shoes,2011.0,Casual,Flying Machine Men Casual Grey Casual Shoes,14501.jpg
49067,Women,Accessories,Bags,2012.0,Casual,Lino Perros Women Olive Handbag,49067.jpg
26960,Women,Apparel,Topwear,2012.0,Casual,Jealous 21 Women Purple Shirt,26960.jpg
33582,Men,Apparel,Topwear,2012.0,Casual,Wrangler Men True Rider White T-shirt,33582.jpg
19578,Women,Apparel,Topwear,2011.0,Casual,United Colors of Benetton Women Solid Purple Top,19578.jpg
43512,Women,Apparel,Dress,2012.0,Casual,French Connection Women Blue Dress,43512.jpg
21313,Women,Accessories,Eyewear,2016.0,Casual,Celine Dion Women Black Frame Sunglasses,21313.jpg
16485,Men,Apparel,Topwear,2011.0,Casual,Locomotive Men Check Grey Shirt,16485.jpg
13547,Women,Footwear,Shoes,2011.0,Casual,Carlton London Women Casual Red Casual Shoes,13547.jpg
43319,Women,Apparel,Topwear,2012.0,Casual,United Colors of Benetton Women White T-shirt,43319.jpg
45811,Women,Footwear,Shoes,2012.0,Casual,Senorita Women Yellow Flats,45811.jpg
57869,Women,Personal Care,Skin,2017.0,Casual,Biotique Bio Saffron Dew Face & Body Cream,57869.jpg
48009,Women,Accessories,Watches,2016.0,Casual,Helix Women Silver Dial Watch,48009.jpg
33057,Men,Apparel,Topwear,2012.0,Casual,U.S. Polo Assn. Denim Co. Men Black Shirt,33057.jpg
40660,Women,Apparel,Topwear,2012.0,Ethnic,Span Women Multi Coloured Kurta,40660.jpg
57196,Women,Apparel,Topwear,2012.0,Casual,Elle Women Red Tunic,57196.jpg
14347,Men,Footwear,Shoes,2011.0,Sports,Nike Men Dual Fusion ST 2 Black Sports Shoes,14347.jpg
55468,Women,Personal Care,Lips,2017.0,Casual,Revlon Super Lusterous Coffee Break Lipstick 303,55468.jpg
26931,Women,Apparel,Topwear,2012.0,Casual,Jealous 21 Women Black Top,26931.jpg
44415,Men,Footwear,Shoes,2018.0,Casual,Red Tape Men Brown Shoes,44415.jpg
55784,Men,Footwear,Shoes,2014.0,Casual,Converse Men Black Casual Shoes,55784.jpg
12580,Women,Apparel,Topwear,2011.0,Casual,Tantra Women Blue Printed T-shirt,12580.jpg
44770,Men,Footwear,Shoes,2012.0,Casual,Globalite Men Black Skid Shoes,44770.jpg
16201,Men,Apparel,Topwear,2011.0,Casual,Puma Men Polo Black TShirt,16201.jpg
26347,Women,Accessories,Watches,2016.0,Formal,DKNY Women Beige Dial Chronograph Watch NY8322,26347.jpg
14928,Men,Apparel,Topwear,2011.0,Casual,Mr. Men Men Beware Grey Melange Tshirts,14928.jpg
34565,Women,Apparel,Dress,2012.0,Casual,Tonga Women Printed Black Dress,34565.jpg
39960,Men,Footwear,Sandal,2013.0,Casual,GAS Men Brown Madly Sandals,39960.jpg
24189,Unisex,Footwear,Shoes,2012.0,Casual,Converse Unisex Chuck Taylor Black Casual Shoes,24189.jpg
7323,Men,Footwear,Shoes,2018.0,Casual,Red Tape Men's Casual Brown Shoe,7323.jpg
8861,Men,Apparel,Topwear,2011.0,Casual,Mark Taylor Men White Striped Shirt,8861.jpg
37201,Girls,Apparel,Bottomwear,2012.0,Casual,United Colors of Benetton Girls Washed Blue Jeans,37201.jpg
42564,Women,Apparel,Topwear,2012.0,Casual,Mother Earth Women Pink Top,42564.jpg
21881,Women,Apparel,Topwear,2011.0,Ethnic,BIBA Women sequin Purple Kurta,21881.jpg
40591,Women,Apparel,Topwear,2012.0,Ethnic,Aurelia Women Blue Kurta,40591.jpg
17846,Men,Footwear,Shoes,2011.0,Sports,Nike Men Supergame Black Sports Shoe,17846.jpg
15069,Men,Footwear,Sandal,2012.0,Casual,Ganuchi Men Brown Sandal,15069.jpg
4003,Men,Footwear,Flip Flops,2011.0,Casual,Spalding Men's Navy With Yellow Flip Flop,4003.jpg
43154,Women,Accessories,Watches,2016.0,Casual,Fastrack Women Purple Dial Watch,43154.jpg
21133,Women,Apparel,Topwear,2011.0,Casual,s.Oliver Women Striped Purple Tshirt,21133.jpg
56617,Women,Personal Care,Makeup,2017.0,,Streetwear Stay On Mineral Pink Rosette Blusher,56617.jpg
11951,Men,Footwear,Shoes,2012.0,Casual,Ganuchi Men Blue Shoes,11951.jpg
56921,Women,Footwear,Shoes,2012.0,Casual,HM Women Blue Sandals,56921.jpg
33443,Women,Accessories,Bags,2012.0,Casual,Baggit Women Brown Handbag,33443.jpg
46815,Girls,Apparel,Topwear,2012.0,Casual,Gini and Jony Girls Yellow Top,46815.jpg
26680,Women,Footwear,Shoes,2012.0,Casual,Puma Women Cross Black Flats,26680.jpg
32507,Men,Footwear,Sandal,2015.0,Casual,Franco Leone Men Black Sandals,32507.jpg
9425,Men,Apparel,Topwear,2011.0,Formal,John Miller Men Purple Fila-Fil Shirts,9425.jpg
16989,Men,Footwear,Flip Flops,2012.0,Casual,Puma Men Lynx Black Slipper,16989.jpg
3645,Men,Footwear,Shoes,2011.0,Casual,Fila Men's Maverick HI Black Red Canvas Shoe,3645.jpg
29125,Women,Accessories,Eyewear,2016.0,Casual,Vogue Women White Sunglasses,29125.jpg
54600,Men,Apparel,Innerwear,2016.0,Casual,Jockey ELANCE Men Black Briefs 1004,54600.jpg
42228,Women,Apparel,Topwear,2012.0,Casual,Sepia Women White & Green Top,42228.jpg
37789,Men,Apparel,Topwear,2012.0,Formal,John Players Men Formal Lavender Shirt,37789.jpg
45088,Women,Apparel,Innerwear,2015.0,Casual,Bwitch Peach Precious Bra,45088.jpg
30991,Women,Personal Care,Fragrance,2017.0,,,30991.jpg
52480,Women,Apparel,Loungewear and Nightwear,2015.0,Casual,Red Rose Blue & Black Nightdress,52480.jpg
7060,Unisex,Accessories,Bags,2013.0,Sports,Nike Black Classic Turf     NSW  Backpacks,7060.jpg
47361,Women,Accessories,Bags,2012.0,Casual,Baggit Women Black Voodoo Gang Handbag,47361.jpg
38466,Women,Accessories,Bags,2012.0,Casual,Baggit Women Red Mobile Pouch,38466.jpg
42670,Women,Apparel,Topwear,2012.0,Ethnic,Alma Women Black Kurta,42670.jpg
33393,Women,Accessories,Bags,2012.0,Casual,Baggit Women Faltu Taj Brown Handbag,33393.jpg
19837,Men,Apparel,Topwear,2011.0,Casual,U.S. Polo Assn. Men Check Green Shirt,19837.jpg
48772,Women,Accessories,Jewellery,2013.0,Casual,Lucera Women Silver Pendant,48772.jpg
55286,Women,Personal Care,Beauty Accessories,2017.0,Casual,Lakme All Over Shimmer Gloss,55286.jpg
7673,Women,Accessories,Socks,2016.0,Casual,Wrangler Women's Agate Green Secret Socks,7673.jpg
23769,Women,Accessories,Eyewear,2016.0,Casual,Oakley Women Brown Unfaithful Sunglasses,23769.jpg
22019,Women,Apparel,Topwear,2011.0,Ethnic,Vishudh Women Printed Brown Kurta,22019.jpg
13235,Men,Apparel,Topwear,2011.0,Casual,Palm Tree Kids Boys Stripes Blue Tshirts,13235.jpg
20026,Men,Apparel,Topwear,2011.0,Casual,United Colors of Benetton Men Striped White Shirt,20026.jpg
57981,Women,Apparel,Topwear,2010.0,Casual,Latin Quarters Women Red Check Shirt,57981.jpg
58372,Men,Apparel,Topwear,2012.0,Casual,Locomotive Men Beige T-shirt,58372.jpg
7217,Men,Footwear,Shoes,2011.0,Formal,Rockport Men Carnforth Soft Black Shoe,7217.jpg
21629,Women,Apparel,Innerwear,2012.0,Casual,Enamor Women Lift White Bra,21629.jpg
25828,Women,Apparel,Topwear,2012.0,Ethnic,Diva Women Printed Pink Kurta,25828.jpg
3862,Men,Apparel,Topwear,2011.0,Casual,Wrangler Men's Authentic Embro Orange T-shirt,3862.jpg
38151,Men,Apparel,Topwear,2012.0,Casual,Wildcraft Men Black T Poly Crew T-shirt,38151.jpg
45564,Men,Personal Care,Fragrance,2017.0,Casual,Playboy Men Hollywood Deo 50 ml Free,45564.jpg
16043,Men,Apparel,Topwear,2011.0,Casual,Highlander Men Check Blue Shirt,16043.jpg
37263,Unisex,Accessories,Bags,2012.0,Casual,Vital Gear Unisex Olive Tacti Backpack,37263.jpg
5097,Men,Apparel,Topwear,2011.0,Casual,Wrangler Men's Hand Of Quality White T-shirt,5097.jpg
40984,Boys,Apparel,Topwear,2012.0,Casual,Gini and Jony Boys United White T-shirt,40984.jpg
51808,Women,Apparel,Loungewear and Nightwear,2016.0,Casual,Bwitch Red Nightdress,51808.jpg
32374,Women,Accessories,Watches,2016.0,Casual,Q&Q Women White Dial Watch,32374.jpg
4054,Men,Apparel,Topwear,2011.0,Casual,Myntra Men's Hard Work Never Killed Anyone Black T-shirt,4054.jpg
7597,Men,Footwear,Shoes,2011.0,Sports,Nike Men's Backboard Red Black Shoe,7597.jpg
11285,Men,Apparel,Bottomwear,2016.0,Casual,Wrangler Men Blue Texas Jeans,11285.jpg
59762,Women,Footwear,Shoes,2012.0,Casual,Rocia Women Brown Flats,59762.jpg
54882,Women,Accessories,Jewellery,2012.0,Casual,Ivory Tag Women Metal Charmed Turquoise Blue and Red Necklace,54882.jpg
10751,Men,Apparel,Bottomwear,2011.0,Sports,Nike Men Breakline Grey Track Pants,10751.jpg
34059,Boys,Apparel,Bottomwear,2012.0,Casual,Gini and Jony Boys Grey Shorts,34059.jpg
7895,Men,Apparel,Bottomwear,2011.0,Casual,Proline Men Olive Green Checked Shorts,7895.jpg
39846,Girls,Apparel,Topwear,2012.0,Casual,Gini And Jony Girls Striped Green Top,39846.jpg
44923,Men,Apparel,Bottomwear,2012.0,Casual,Jack & Jones Men Blue Jeans,44923.jpg
55898,Women,Personal Care,Nails,2017.0,Casual,Colorbar Quick Finish Nail Lacquer 20,55898.jpg
31866,Women,Accessories,Watches,2016.0,Casual,Titan Women Raga Silver Dial Watch,31866.jpg
22189,Men,Footwear,Shoes,2012.0,Casual,Timberland Men Brown Casual Shoes,22189.jpg
55590,Men,Apparel,Topwear,2012.0,Casual,Peter England Men White Shirt,55590.jpg
44265,Men,Accessories,Wallets,2012.0,Casual,Hidekraft Men Black Wallet,44265.jpg
50984,Women,Apparel,Innerwear,2017.0,Casual,Enamor Women Cameo Rose Coloured Briefs,50984.jpg
42129,Men,Footwear,Shoes,2012.0,Sports,Nike Men Black Air Visi Pro Sports Shoes,42129.jpg
22812,Men,Apparel,Topwear,2011.0,Casual,Locomotive Men Brown Printed T-shirt,22812.jpg
30983,Men,Personal Care,Fragrance,2017.0,Casual,Ferrari Men Perfume,30983.jpg
49363,Men,Footwear,Shoes,2012.0,Casual,Vans Men Beige Casual Shoes,49363.jpg
46691,Women,Personal Care,Fragrance,2017.0,Casual,Rasasi Women Instincts Perfume,46691.jpg
57619,Women,Personal Care,Skin Care,2017.0,Casual,Lotus Herbals Safe Sun Sunscreen SPF 40,57619.jpg
36830,Women,Apparel,Topwear,2012.0,Ethnic,Vishudh Women Purple Kurta,36830.jpg
50237,Women,Accessories,Bags,2012.0,Casual,Stoln Women Pink Handbag,50237.jpg
36455,Men,Footwear,Shoes,2012.0,Sports,Spinn Men Techno White Sports Shoes,36455.jpg
16324,Men,Apparel,Topwear,2011.0,Casual,Peter England Men Printed Navy Blue TShirt,16324.jpg
5350,Men,Footwear,Shoes,2011.0,Sports,Artengo Artengo 522c Man Synthe,5350.jpg
39640,Men,Footwear,Shoes,2012.0,Casual,Lotto Men Black Shoes,39640.jpg
27067,Women,Accessories,Bags,2012.0,Casual,Yelloe Silver Metallic Finish Handbag,27067.jpg
26535,Men,Footwear,Shoes,2012.0,Casual,ID Men Blue Shoes,26535.jpg
42944,Men,Accessories,Belts,2010.0,Casual,French Connection Men Black Belt,42944.jpg
21268,Unisex,Accessories,Bags,2011.0,Casual,Footloose Unisex Black Mojo Backpack,21268.jpg
41210,Men,Footwear,Shoes,2012.0,Casual,Nike Men Black Shoes,41210.jpg
48387,Men,Apparel,Bottomwear,2012.0,Casual,French Connection Men Blue Jeans,48387.jpg
59102,Men,Apparel,Topwear,2012.0,Casual,Just Natural Men Black Rain Jacket,59102.jpg
43113,Men,Personal Care,Fragrance,2017.0,,JAGUAR Men Classic Black Eau De Toilette 100 ml,43113.jpg
56263,Men,Apparel,Loungewear and Nightwear,2016.0,Casual,SDL by Sweet Dreams Men Mustard Pyjama Set,56263.jpg
40473,Men,Footwear,Shoes,2012.0,Sports,Fila Men Black Supercharger Sports Shoes,40473.jpg
22477,Men,Apparel,Topwear,2012.0,Sports,Timberland Men Red T-shirt,22477.jpg
50389,Women,Accessories,Watches,2016.0,Casual,Miss Sixty Silver Dial Watch,50389.jpg
37718,Men,Apparel,Topwear,2012.0,Casual,John Players Men Polo Navy Blue T-shirt,37718.jpg
